Key,ShortKey,Source,Row,Module,Field,Character,CN,EN,,,,,,,,,,,
AvgDialog_22130_Content_3,aibH,avgV1.5奥尔拉大型支线_AvgDialog_C_M.csv,10,AvgDialog,Content,玩家,好了，奥尔拉，旁边的旅客们都走了。,A painting like you have never seen before unfolds before your eyes.,,,,,,,,,,,
AvgDialog_22130_Content_11,aibk,avgV1.5奥尔拉大型支线_AvgDialog_C_M.csv,18,AvgDialog,Content,无纸奥尔拉,我总觉得，他身上有一种非常神秘的气质……谁知道呢？,I always felt there was something very mysterious about him... Who knows?,,,,,,,,,,,
AvgDialog_22130_Content_17,aibt,avgV1.5奥尔拉大型支线_AvgDialog_C_M.csv,24,AvgDialog,Content,无纸奥尔拉,啊！守密人%sirormadam%，您看！是塞涅尔河！,"Ah! {Male=Sir,Female=Madam} Keeper, look! It's the Szenyér river!",,,,,,,,,,,
AvgDialog_22130_Content_23,aibA,avgV1.5奥尔拉大型支线_AvgDialog_C_M.csv,30,AvgDialog,Content,汉娜,你不是有个什么读诗会嘛~据我的线人透露，奥尔拉好像经常出席你们的活动。,"Don't you have a poetry club or something? According to my informant, Horla seems to frequently attend your events.",,,,,,,,,,,
AvgDialog_22130_Content_24,aibB,avgV1.5奥尔拉大型支线_AvgDialog_C_M.csv,31,AvgDialog,Content,汉娜,你和她关系这么近，一定知道她在哪吧？！,"Horla, did you disable your shroud?",,,,,,,,,,,
AvgDialog_22130_Content_27,aibE,avgV1.5奥尔拉大型支线_AvgDialog_C_M.csv,34,AvgDialog,Content,宁菲亚,如果你那里有的话，我会很愿意花大价钱买下来的。,"If you have it, I'd be willing to pay a high price for it.",,,,,,,,,,,
AvgDialog_22130_Content_29,aibG,avgV1.5奥尔拉大型支线_AvgDialog_C_M.csv,36,AvgDialog,Content,汉娜,最近的校报没有什么话题度，奥尔拉从来都不喜欢被采访，连自己的诗集也不愿意刊登。,You turn around.,,,,,,,,,,,
AvgDialog_22130_Content_30,aibI,avgV1.5奥尔拉大型支线_AvgDialog_C_M.csv,37,AvgDialog,Content,汉娜,要是能刊登她的诗集，甚至对她做一次专访，这个月的校刊销售量肯定会涨一倍的！,"The cruise ship collides with the shore buffer, producing a dull thud.",,,,,,,,,,,
AvgDialog_22130_Content_31,aibJ,avgV1.5奥尔拉大型支线_AvgDialog_C_M.csv,38,AvgDialog,Content,汉娜,标题我都想好了，就叫《花园与春天——少女诗人奥尔拉不为人知的往事》……,"You and Horla stare in bewilderment, seemingly forgetting how to walk.",,,,,,,,,,,
AvgDialog_22130_Content_32,aibK,avgV1.5奥尔拉大型支线_AvgDialog_C_M.csv,39,AvgDialog,Content,朵尔,……据统计，目前的目击案例已经达到两位数。,I always felt there was something very mysterious about him... Who knows?,,,,,,,,,,,
AvgDialog_22130_Content_40,aibT,avgV1.5奥尔拉大型支线_AvgDialog_C_M.csv,47,AvgDialog,Content,朵尔,我们尚未遭遇过类似事件。是否是受融蚀影响，目前也还无法判断。,"Ah! {Male=Sir,Female=Madam} Keeper, look! It's the Szenyér river!",,,,,,,,,,,
AvgDialog_22130_Content_47,aica,avgV1.5奥尔拉大型支线_AvgDialog_C_M.csv,54,AvgDialog,Content,玩家,奥尔拉，如果你是在躲什么人的话……你忘了关门了。,Do you miss the sights of Cité?,,,,,,,,,,,
AvgDialog_22130_Content_48,aicb,avgV1.5奥尔拉大型支线_AvgDialog_C_M.csv,55,AvgDialog,Content,奥尔拉,啊！对、对不起！给你们添麻烦了……守密人%sirormadam%！朵尔小姐！,"Ah! I'm so sorry! I've caused you trouble... {Male=Sir,Female=Madam} Keeper! Miss Doll!",,,,,,,,,,,
AvgDialog_22130_Content_49,aicc,avgV1.5奥尔拉大型支线_AvgDialog_C_M.csv,56,AvgDialog,Content,,她跑出来将办公室的门关上，又迅速跑回窗帘后藏了起来。,"She hurriedly closed the office door, and quickly hid behind the curtains.",,,,,,,,,,,
AvgDialog_22130_Content_51,aicf,avgV1.5奥尔拉大型支线_AvgDialog_C_M.csv,58,AvgDialog,Content,汉娜,快出来，亲爱的奥尔拉！我们只需要做一个小小的专访就好了~我保证不会把你怎么样的！,"Come out, dear Horla! We just need a short interview~ It won't hurt, I promise!",,,,,,,,,,,
AvgDialog_22130_Content_53,aich,avgV1.5奥尔拉大型支线_AvgDialog_C_M.csv,60,AvgDialog,Content,朵尔,终于开始欺负奥尔拉了吗……看来最近校刊的销量压力的确很大。,"When the fire broke out, I couldn't escape, so I buried my poetry collection in the garden. This time, I intend to find it.",,,,,,,,,,,
AvgDialog_22130_Content_57,aicl,avgV1.5奥尔拉大型支线_AvgDialog_C_M.csv,64,AvgDialog,Content,,想起奥尔拉所经历的往事，你明白了她的意思，点了点头。,"As for the poem... I can't say, {Male=Sir,Female=Madam} Keeper.",,,,,,,,,,,
AvgDialog_22130_Content_58,aicm,avgV1.5奥尔拉大型支线_AvgDialog_C_M.csv,65,AvgDialog,Content,奥尔拉,我还是应该住在外面，不应该在学校这样人多的地方……,"I should be outside, not in a crowded place like the school...",,,,,,,,,,,
AvgDialog_22130_Content_59,aicn,avgV1.5奥尔拉大型支线_AvgDialog_C_M.csv,66,AvgDialog,Content,奥尔拉,守密人%sirormadam%，能请您帮我想想办法吗？,"{Male=Sir,Female=Madam} Keeper, can I ask for your help with a solution?",,,,,,,,,,,
AvgDialog_22130_Content_60,aicp,avgV1.5奥尔拉大型支线_AvgDialog_C_M.csv,67,AvgDialog,Content,玩家,说实话，面对那只雪貂的嗅觉跟行动力，我也没有什么太好的办法。,"To be honest, I don't have any good solutions for dealing with that ferret's agility and sense of smell.",,,,,,,,,,,
AvgDialog_22130_Content_61,aicq,avgV1.5奥尔拉大型支线_AvgDialog_C_M.csv,68,AvgDialog,Content,玩家,——不过，如果你愿意出门的话，倒是有个办法可以帮你。,"—However, if you'd prefer to be outdoors, there is a way I can help you.",,,,,,,,,,,
AvgDialog_22130_Content_63,aics,avgV1.5奥尔拉大型支线_AvgDialog_C_M.csv,70,AvgDialog,Content,奥尔拉,是去哪里呢？,Where would we go?,,,,,,,,,,,
AvgDialog_22130_Content_69,aicy,avgV1.5奥尔拉大型支线_AvgDialog_C_M.csv,76,AvgDialog,Content,无纸奥尔拉,虽然已经过了很多年，但我一闻到就能想起来。,You've never witnessed a butterfly speak. You gently pulled Horla back.,,,,,,,,,,,
AvgDialog_22130_Content_70,aicA,avgV1.5奥尔拉大型支线_AvgDialog_C_M.csv,77,AvgDialog,Content,玩家,西岱的这些风景，你会很想念吗？,Do you miss the sights of Cité?,,,,,,,,,,,
AvgDialog_22130_Content_71,aicB,avgV1.5奥尔拉大型支线_AvgDialog_C_M.csv,78,AvgDialog,Content,无纸奥尔拉,很想念！不过，我一直是生活在花房里。西岱的这些地方，我大都没有真正见过。,"Ah! I'm so sorry! I've caused you trouble... {Male=Sir,Female=Madam} Keeper! Miss Doll!",,,,,,,,,,,
AvgDialog_22130_Content_72,aicC,avgV1.5奥尔拉大型支线_AvgDialog_C_M.csv,79,AvgDialog,Content,无纸奥尔拉,我在诗里写了很多西岱的风景，不过那些毕竟是假的……这次如果有机会的话，我想去看一看那些地方。,"She hurriedly closed the office door, and quickly hid behind the curtains.",,,,,,,,,,,
AvgDialog_22130_Content_75,aicF,avgV1.5奥尔拉大型支线_AvgDialog_C_M.csv,82,AvgDialog,Content,无纸奥尔拉,每次到了玫瑰盛开的季节，那座花园都开满了玫瑰花，就像是住在梦境里一样！,"Come out, dear Horla! We just need a short interview~ It won't hurt, I promise!",,,,,,,,,,,
AvgDialog_22130_Content_77,aicH,avgV1.5奥尔拉大型支线_AvgDialog_C_M.csv,84,AvgDialog,Content,无纸奥尔拉,大火燃起来的时候，我看没办法跑出去，就把我写的那本诗集埋在了花园的土地里。这次回来，我想去找到它。,"When the fire broke out, I couldn't escape, so I buried my poetry collection in the garden. This time, I intend to find it.",,,,,,,,,,,
AvgDialog_22130_Content_80,aicL,avgV1.5奥尔拉大型支线_AvgDialog_C_M.csv,87,AvgDialog,Content,无纸奥尔拉,至于诗集……我说不上来，守密人%sirormadam%。,"As for the poem... I can't say, {Male=Sir,Female=Madam} Keeper.",,,,,,,,,,,
AvgDialog_22130_Content_81,aicM,avgV1.5奥尔拉大型支线_AvgDialog_C_M.csv,88,AvgDialog,Content,无纸奥尔拉,它给身边的人带来了很多的痛苦，我不喜欢这一点，可是……它也是我最珍贵的东西。,"I should be outside, not in a crowded place like the school...",,,,,,,,,,,
AvgDialog_22130_Content_82,aicN,avgV1.5奥尔拉大型支线_AvgDialog_C_M.csv,89,AvgDialog,Content,无纸奥尔拉,不管是想保存，还是想毁掉，我都想找到它。,"{Male=Sir,Female=Madam} Keeper, can I ask for your help with a solution?",,,,,,,,,,,
AvgDialog_22130_Content_84,aicP,avgV1.5奥尔拉大型支线_AvgDialog_C_M.csv,91,AvgDialog,Content,,一只黑色的蝴蝶翩翩而至，停留在奥尔拉伸出的指尖。,"To be honest, I don't have any good solutions for dealing with that ferret's agility and sense of smell.",,,,,,,,,,,
AvgDialog_22130_Content_85,aicQ,avgV1.5奥尔拉大型支线_AvgDialog_C_M.csv,92,AvgDialog,Content,无纸奥尔拉,您看，守密人%sirormadam%，一只蝴蝶诶！,"—However, if you'd prefer to be outdoors, there is a way I can help you.",,,,,,,,,,,
AvgDialog_22130_Content_87,aicS,avgV1.5奥尔拉大型支线_AvgDialog_C_M.csv,94,AvgDialog,Content,无纸奥尔拉,在西岱人眼里，一个像花一样的生命，总是能交到好运的~,Where would we go?,,,,,,,,,,,
AvgDialog_22130_Content_92,aicY,avgV1.5奥尔拉大型支线_AvgDialog_C_M.csv,99,AvgDialog,Content,,你从未见过这种人形的蝴蝶。你伸手将奥尔拉稍稍向后拉开。,You've never witnessed a butterfly speak. You gently pulled Horla back.,,,,,,,,,,,
AvgDialog_22130_Content_94,aida,avgV1.5奥尔拉大型支线_AvgDialog_C_M.csv,101,AvgDialog,Content,无纸奥尔拉,蝴蝶夫人，很抱歉，我、我不是很擅长和别人聊天……,"Mrs. Butterfly, sorry... I-I'm not very good at small talk...",,,,,,,,,,,
AvgDialog_22130_Content_96,aidc,avgV1.5奥尔拉大型支线_AvgDialog_C_M.csv,103,AvgDialog,Content,,纯黑色的人形蝴蝶扇动翅膀，摇曳着离开了游轮。你警惕地望了望身周。塞涅尔河仍然静静流淌。,The pitch-black humanoid butterfly flapped its wings and swayed to and fro as it left the cruise ship. You looked around cautiously. The Szenyér River still flowed quietly.,,,,,,,,,,,
AvgDialog_22130_Content_97,aidd,avgV1.5奥尔拉大型支线_AvgDialog_C_M.csv,104,AvgDialog,Content,贵妇？,化成蝴蝶的人类……很美的意象，对吧？,"Humans becoming butterflies... a beautiful image, isn't it?",,,,,,,,,,,
AvgDialog_22130_Content_100,aiba,avgV1.5奥尔拉大型支线_AvgDialog_C_M.csv,107,AvgDialog,Content,无纸奥尔拉,您、您好……这位夫人……,"Don't you have a poetry club or something? According to my informant, Horla seems to frequently attend your events.",,,,,,,,,,,
AvgDialog_22130_Content_101,aibb,avgV1.5奥尔拉大型支线_AvgDialog_C_M.csv,108,AvgDialog,Content,玩家,奥尔拉，你切断了隐形的能力吗？,"Horla, did you disable your shroud?",,,,,,,,,,,
AvgDialog_22130_Content_104,aibe,avgV1.5奥尔拉大型支线_AvgDialog_C_M.csv,111,AvgDialog,Content,玩家,新的西岱……,"If you have it, I'd be willing to pay a high price for it.",,,,,,,,,,,
AvgDialog_22130_Content_106,aibg,avgV1.5奥尔拉大型支线_AvgDialog_C_M.csv,113,AvgDialog,Content,,你回过头。,You turn around.,,,,,,,,,,,
AvgDialog_22130_Content_107,aibh,avgV1.5奥尔拉大型支线_AvgDialog_C_M.csv,114,AvgDialog,Content,,一幅你从未见过的画卷，展开在你眼前。,A painting like you have never seen before unfolds before your eyes.,,,,,,,,,,,
AvgDialog_22130_Content_108,aibi,avgV1.5奥尔拉大型支线_AvgDialog_C_M.csv,115,AvgDialog,Content,,游轮碰撞在沿岸的缓冲装置上，发出沉闷的声响。,"The cruise ship collides with the shore buffer, producing a dull thud.",,,,,,,,,,,
AvgDialog_22130_Content_109,aibj,avgV1.5奥尔拉大型支线_AvgDialog_C_M.csv,116,AvgDialog,Content,,你和奥尔拉愣愣地望着眼前这一幕，似乎忘了应该如何走路。,"You and Horla stare in bewilderment, seemingly forgetting how to walk.",,,,,,,,,,,
AvgDialog_22127_Content_6,ahYq,avgV1.5奥尔拉大型支线_AvgDialog_C_M.csv,125,AvgDialog,Content,,你走过若隐若现的街道，抚摸建筑上晕染的砖石，摘下彩墨般的梧桐叶。,"{Male=Sir,Female=Madam} Keeper... Mr. Bee, has he passed away?",,,,,,,,,,,
AvgDialog_22127_Content_8,ahYM,avgV1.5奥尔拉大型支线_AvgDialog_C_M.csv,127,AvgDialog,Content,无纸奥尔拉,守密人%sirormadam%，您看这个房子，上面好像漂浮着一些线条？,"{Male=Sir,Female=Madam} Keeper, look at this house, does it seem like there are some lines floating on it?",,,,,,,,,,,
AvgDialog_22127_Content_14,ahXs,avgV1.5奥尔拉大型支线_AvgDialog_C_M.csv,133,AvgDialog,Content,无纸奥尔拉,不会啊，虽然我已经忘了西岱是什么样子了，不过我觉得，西岱就应该长这个样子才对。,"Turning off the Silver communicator, you vigilantly scan your surroundings.",,,,,,,,,,,
AvgDialog_22127_Content_20,ahXz,avgV1.5奥尔拉大型支线_AvgDialog_C_M.csv,139,AvgDialog,Content,贵妇,啊，我车快到了……不能继续陪你们。,"Ah, my ride is almost here... I'm afraid I can't stay with you any longer.",,,,,,,,,,,
AvgDialog_22127_Content_21,ahXA,avgV1.5奥尔拉大型支线_AvgDialog_C_M.csv,140,AvgDialog,Content,贵妇,没想到你们会来，没有准备什么礼物……这个送给你，希望你不会嫌弃。,It's not costly; each rider just needs to write a simple sentence.,,,,,,,,,,,
AvgDialog_22127_Content_23,ahXC,avgV1.5奥尔拉大型支线_AvgDialog_C_M.csv,142,AvgDialog,Content,奥尔拉,这是……,She approaches the front of the bus and whispers something into the fare box by the driver's seat.,,,,,,,,,,,
AvgDialog_22127_Content_27,ahXG,avgV1.5奥尔拉大型支线_AvgDialog_C_M.csv,146,AvgDialog,Content,,马车向前驶去，很快融入在远方的水墨之中。,"I... I'm a bit embarrassed... I'll write it in secret to you after returning, {Male=Keeper Sir,Female=Madam Keeper}.",,,,,,,,,,,
AvgDialog_22127_Content_28,ahXH,avgV1.5奥尔拉大型支线_AvgDialog_C_M.csv,147,AvgDialog,Content,无纸奥尔拉,这位老夫人人真好。但是感觉有点怪怪的……,"It's your turn, {Male=Sir,Female=Madam}.",,,,,,,,,,,
AvgDialog_22127_Content_36,ahXQ,avgV1.5奥尔拉大型支线_AvgDialog_C_M.csv,155,AvgDialog,Content,朵尔,校方已经在准备派遣增援，但人员的准备需要一段时间。,"The caterpillar opens its eyes, and a bright light shone from them.",,,,,,,,,,,
AvgDialog_22127_Content_38,ahXS,avgV1.5奥尔拉大型支线_AvgDialog_C_M.csv,157,AvgDialog,Content,,关掉银芯通讯，你警惕地看着周围。,"Turning off the Silver communicator, you vigilantly scan your surroundings.",,,,,,,,,,,
AvgDialog_22127_Content_44,ahXZ,avgV1.5奥尔拉大型支线_AvgDialog_C_M.csv,163,AvgDialog,Content,西岱市民,当当，当当当……,"Ah, my ride is almost here... I'm afraid I can't stay with you any longer.",,,,,,,,,,,
AvgDialog_22127_Content_50,ahYg,avgV1.5奥尔拉大型支线_AvgDialog_C_M.csv,169,AvgDialog,Content,西岱市民,啊，您好！可爱的%sirormadam%。请问有什么能帮到您的吗？,"Ah, hello, dear {Male=Sir,Female=Madam}! May I ask how I can be of assistance to you?",,,,,,,,,,,
AvgDialog_22127_Content_53,ahYj,avgV1.5奥尔拉大型支线_AvgDialog_C_M.csv,172,AvgDialog,Content,西岱市民,怎么了，%sirormadam%？是不是我的哪句话说得不太得体，让您不舒服了？,"What's wrong, {Male=Sir,Female=Madam}? Did I say something inappropriate that made you uncomfortable?",,,,,,,,,,,
AvgDialog_22127_Content_54,ahYk,avgV1.5奥尔拉大型支线_AvgDialog_C_M.csv,173,AvgDialog,Content,玩家,没……咳，没有。,No... <Italic:cough—> No.,,,,,,,,,,,
AvgDialog_22127_Content_56,ahYm,avgV1.5奥尔拉大型支线_AvgDialog_C_M.csv,175,AvgDialog,Content,西岱市民,啊，这位%sirormadam%，您是刚到西岱，对吗？,"{Male=Sir,Female=Madam} Keeper, look at this house, does it seem like there are some lines floating on it?",,,,,,,,,,,
AvgDialog_22127_Content_59,ahYp,avgV1.5奥尔拉大型支线_AvgDialog_C_M.csv,178,AvgDialog,Content,西岱市民,请放心请放心，西岱市民都是非常热情好客的。美第奇大道就在……,Communication ends. The atmosphere becomes heavy.,,,,,,,,,,,
AvgDialog_22127_Content_67,ahYy,avgV1.5奥尔拉大型支线_AvgDialog_C_M.csv,186,AvgDialog,Content,,你再次仔细查看周围的环境。,"Look, {Male=Sir,Female=Madam} Keeper! A tram!",,,,,,,,,,,
AvgDialog_22127_Content_74,ahYG,avgV1.5奥尔拉大型支线_AvgDialog_C_M.csv,193,AvgDialog,Content,玩家,！！！,"Ah, hello, dear {Male=Sir,Female=Madam}! May I ask how I can be of assistance to you?",,,,,,,,,,,
AvgDialog_22127_Content_77,ahYJ,avgV1.5奥尔拉大型支线_AvgDialog_C_M.csv,196,AvgDialog,Content,玩家,这里的确也看不到现实世界和密境之间的接口。可如果不是密境，这个地方和这些人为什么会变成这样……不合理……,"What's wrong, {Male=Sir,Female=Madam}? Did I say something inappropriate that made you uncomfortable?",,,,,,,,,,,
AvgDialog_22127_Content_78,ahYK,avgV1.5奥尔拉大型支线_AvgDialog_C_M.csv,197,AvgDialog,Content,朵尔,这样看来，这个密境恐怕和普通的密境不一样，是一个完全独立的空间。,No... <Italic:cough—> No.,,,,,,,,,,,
AvgDialog_22127_Content_82,ahYP,avgV1.5奥尔拉大型支线_AvgDialog_C_M.csv,201,AvgDialog,Content,,结束通讯，气氛变得凝重起来。,Communication ends. The atmosphere becomes heavy.,,,,,,,,,,,
AvgDialog_22127_Content_83,ahYQ,avgV1.5奥尔拉大型支线_AvgDialog_C_M.csv,202,AvgDialog,Content,奥尔拉,守密人%sirormadam%……蜜蜂先生，是死了吗？,"{Male=Sir,Female=Madam} Keeper... Mr. Bee, has he passed away?",,,,,,,,,,,
AvgDialog_22127_Content_90,ahYY,avgV1.5奥尔拉大型支线_AvgDialog_C_M.csv,209,AvgDialog,Content,无纸奥尔拉,您看，守密人%sirormadam%！有轨电车！,"Look, {Male=Sir,Female=Madam} Keeper! A tram!",,,,,,,,,,,
AvgDialog_22127_Content_92,ahZa,avgV1.5奥尔拉大型支线_AvgDialog_C_M.csv,211,AvgDialog,Content,玩家,有电车，但是没有找到站牌，不知道能不能到我们想去的地方。,"There are trams, but we didn't see the stop, so we're not sure if they go where we want to go.",,,,,,,,,,,
AvgDialog_22127_Content_93,ahZb,avgV1.5奥尔拉大型支线_AvgDialog_C_M.csv,212,AvgDialog,Content,无纸奥尔拉,我和您讲过吗？从以前那座花园的栅栏往外看，能看到有轨电车经过，不过我从来没有真正坐过。,"Have I told you? From the fence of the old garden, you could see the tram passing by, but I've never actually rode one.",,,,,,,,,,,
AvgDialog_22127_Content_94,ahZc,avgV1.5奥尔拉大型支线_AvgDialog_C_M.csv,213,AvgDialog,Content,无纸奥尔拉,我好想坐一次。我觉得，它可以载我去任何地方。,"I believe I recall it can go anywhere. Regardless, I still would like to board it, at least just once.",,,,,,,,,,,
AvgDialog_22127_Content_95,ahZd,avgV1.5奥尔拉大型支线_AvgDialog_C_M.csv,214,AvgDialog,Content,无纸奥尔拉,每次看到那台电车，我都觉得它像一只巨大的……,"Thank you, {Male=Sir,Female=Madam} Keeper!",,,,,,,,,,,
AvgDialog_22127_Content_98,ahZg,avgV1.5奥尔拉大型支线_AvgDialog_C_M.csv,217,AvgDialog,Content,,在蜿蜒的轨道上，一只巨大的毛毛虫停在你们面前。,"On the winding tracks, a giant caterpillar stops in front of you.",,,,,,,,,,,
AvgDialog_22127_Content_99,ahZh,avgV1.5奥尔拉大型支线_AvgDialog_C_M.csv,218,AvgDialog,Content,无纸奥尔拉,啊！和我想的一样！是毛毛虫电车！,Ah! Just as I remember! It's the Caterpillar Train!,,,,,,,,,,,
AvgDialog_22127_Content_101,ahWK,avgV1.5奥尔拉大型支线_AvgDialog_C_M.csv,220,AvgDialog,Content,,你警惕地注视着它。毛毛虫电车看上去似乎没有敌意。,You watch it warily. The Caterpillar Train seems friendly enough...,,,,,,,,,,,
AvgDialog_22127_Content_102,ahWL,avgV1.5奥尔拉大型支线_AvgDialog_C_M.csv,221,AvgDialog,Content,玩家,请问，这辆车能到美第奇大道吗？,"Excuse me, does this train go to Medici Avenue?",,,,,,,,,,,
AvgDialog_22127_Content_104,ahWN,avgV1.5奥尔拉大型支线_AvgDialog_C_M.csv,223,AvgDialog,Content,玩家,可以去任何地方的轨道车，是吗……的确，很合理。,"A railcar that can go anywhere, huh... Sure, that makes sense.",,,,,,,,,,,
AvgDialog_22127_Content_107,ahWQ,avgV1.5奥尔拉大型支线_AvgDialog_C_M.csv,226,AvgDialog,Content,,看着奥尔拉期待的眼神，你们坐了上去。,"Huff... Huff... {Male=Sir,Female=Madam} Keeper, there are too many monsters to handle...",,,,,,,,,,,
AvgDialog_22127_Content_116,ahXa,avgV1.5奥尔拉大型支线_AvgDialog_C_M.csv,235,AvgDialog,Content,无纸奥尔拉,不过也不贵的，每人写一句很简单的就可以了。,It's not costly; each rider just needs to write a simple sentence.,,,,,,,,,,,
AvgDialog_22127_Content_118,ahXc,avgV1.5奥尔拉大型支线_AvgDialog_C_M.csv,237,AvgDialog,Content,,她来到车头，对着司机位上的售票箱悄悄说了一句话。,She approaches the front of the bus and whispers something into the fare box by the driver's seat.,,,,,,,,,,,
AvgDialog_22127_Content_121,ahXg,avgV1.5奥尔拉大型支线_AvgDialog_C_M.csv,240,AvgDialog,Content,无纸奥尔拉,我……不太好意思……等我回去以后悄悄写给您吧，守密人%sirormadam%。,"I... I'm a bit embarrassed... I'll write it in secret to you after returning, {Male=Keeper Sir,Female=Madam Keeper}.",,,,,,,,,,,
AvgDialog_22127_Content_122,ahXh,avgV1.5奥尔拉大型支线_AvgDialog_C_M.csv,241,AvgDialog,Content,毛毛虫,该您了，这位%sirormadam%。,"It's your turn, {Male=Sir,Female=Madam}.",,,,,,,,,,,
AvgDialog_22127_Content_130,ahXq,avgV1.5奥尔拉大型支线_AvgDialog_C_M.csv,249,AvgDialog,Content,,毛毛虫睁开眼，明晃晃的灯光从它眼中照出。,"The caterpillar opens its eyes, and a bright light shone from them.",,,,,,,,,,,
AvgDialog_22125_Content_4,ahVc,avgV1.5奥尔拉大型支线_AvgDialog_C_M.csv,254,AvgDialog,Content,玩家,进步挺大，能和陌生人说话了。,"Speaking to strangers? You've made great progress already, Horla!",,,,,,,,,,,
AvgDialog_22125_Content_5,ahVn,avgV1.5奥尔拉大型支线_AvgDialog_C_M.csv,255,AvgDialog,Content,无纸奥尔拉,只有一个人，而且长得像动物，会好一点点……,"Only one person, and they look like an animal, but I suppose it's not nothing...",,,,,,,,,,,
AvgDialog_22125_Content_8,ahVU,avgV1.5奥尔拉大型支线_AvgDialog_C_M.csv,258,AvgDialog,Content,玩家,但愿不要再有什么蜜蜂来给我唱歌了……,Who's there?,,,,,,,,,,,
AvgDialog_22125_Content_18,ahUE,avgV1.5奥尔拉大型支线_AvgDialog_C_M.csv,268,AvgDialog,Content,无纸奥尔拉,啊，您看，守密人%sirormadam%！是星星！,"Ah, look, {Male=Sir,Female=Madam} Keeper! It's the stars!",,,,,,,,,,,
AvgDialog_22125_Content_24,ahUL,avgV1.5奥尔拉大型支线_AvgDialog_C_M.csv,274,AvgDialog,Content,无纸奥尔拉,啊，原来守密人%sirormadam%一直在观察吗？,"Ah, so {Male=Sir,Female=Madam} Keeper has been observing all along?",,,,,,,,,,,
AvgDialog_22125_Content_25,ahUM,avgV1.5奥尔拉大型支线_AvgDialog_C_M.csv,275,AvgDialog,Content,玩家,没办法，有人仰望天上的星星，那总要有人注意脚下的土地的。,"I have no choice. Some gaze at the stars, while others must watch the ground beneath their feet.",,,,,,,,,,,
AvgDialog_22125_Content_31,ahUT,avgV1.5奥尔拉大型支线_AvgDialog_C_M.csv,281,AvgDialog,Content,,不知道这里会有什么样的危险，你警惕地注视着周围。,"{Male=Sir,Female=Madam} Keeper, be careful!",,,,,,,,,,,
AvgDialog_22125_Content_34,ahUW,avgV1.5奥尔拉大型支线_AvgDialog_C_M.csv,284,AvgDialog,Content,无纸奥尔拉,你们好！蝴蝶夫人，毛毛虫先生！,"Hello! Madame Butterfly, Mr. Caterpillar!",,,,,,,,,,,
AvgDialog_22125_Content_38,ahVa,avgV1.5奥尔拉大型支线_AvgDialog_C_M.csv,288,AvgDialog,Content,无纸奥尔拉,谢谢……,What's the number?!,,,,,,,,,,,
AvgDialog_22125_Content_39,ahVb,avgV1.5奥尔拉大型支线_AvgDialog_C_M.csv,289,AvgDialog,Content,蝴蝶,两位，是找不到路吗？,"1... Uh, No. 88.",,,,,,,,,,,
AvgDialog_22125_Content_40,ahVd,avgV1.5奥尔拉大型支线_AvgDialog_C_M.csv,290,AvgDialog,Content,玩家,这里的路和地图上标记的不一样，门牌号全是乱的……,You liars... You stole my painting! It was you who stole my painting!!,,,,,,,,,,,
AvgDialog_22125_Content_42,ahVf,avgV1.5奥尔拉大型支线_AvgDialog_C_M.csv,292,AvgDialog,Content,蝴蝶,101……我记得，三月街好像没有101号？,101... I don't remember if there is a No. 101 on March Street.,,,,,,,,,,,
AvgDialog_22125_Content_45,ahVi,avgV1.5奥尔拉大型支线_AvgDialog_C_M.csv,295,AvgDialog,Content,蝴蝶,没有帮上什么，实在抱歉。,Give me back my painting!!,,,,,,,,,,,
AvgDialog_22125_Content_49,ahVm,avgV1.5奥尔拉大型支线_AvgDialog_C_M.csv,299,AvgDialog,Content,玩家,我们已经逛完两趟了。,We've checked the whole street twice already.,,,,,,,,,,,
AvgDialog_22125_Content_50,ahVo,avgV1.5奥尔拉大型支线_AvgDialog_C_M.csv,300,AvgDialog,Content,无纸奥尔拉,啊？但是，我没有看到101号在哪里啊……,Huh? But I don't see where No. 101 is...,,,,,,,,,,,
AvgDialog_22125_Content_52,ahVq,avgV1.5奥尔拉大型支线_AvgDialog_C_M.csv,302,AvgDialog,Content,玩家,三月街……没有101号。,March Street... There is no No. 101.,,,,,,,,,,,
AvgDialog_22125_Content_53,ahVr,avgV1.5奥尔拉大型支线_AvgDialog_C_M.csv,303,AvgDialog,Content,玩家,这里最大的门牌号，是这个。,The highest house number here is this one.,,,,,,,,,,,
AvgDialog_22125_Content_55,ahVt,avgV1.5奥尔拉大型支线_AvgDialog_C_M.csv,305,AvgDialog,Content,无纸奥尔拉,三月街……99号……,March Street... No. 99.,,,,,,,,,,,
AvgDialog_22125_Content_56,ahVu,avgV1.5奥尔拉大型支线_AvgDialog_C_M.csv,306,AvgDialog,Content,画家,谁？,Who's there?,,,,,,,,,,,
AvgDialog_22125_Content_59,ahVx,avgV1.5奥尔拉大型支线_AvgDialog_C_M.csv,309,AvgDialog,Content,画家,你们是贼？！,"......Horla, what are you saying?",,,,,,,,,,,
AvgDialog_22125_Content_60,ahVz,avgV1.5奥尔拉大型支线_AvgDialog_C_M.csv,310,AvgDialog,Content,玩家,呃……不是，我们是游客，过来找朋友，他就在三月街101号……,This isn't the real Cité...?,,,,,,,,,,,
AvgDialog_22125_Content_61,ahVA,avgV1.5奥尔拉大型支线_AvgDialog_C_M.csv,311,AvgDialog,Content,画家,多少号？！！,What's the number?!,,,,,,,,,,,
AvgDialog_22125_Content_62,ahVB,avgV1.5奥尔拉大型支线_AvgDialog_C_M.csv,312,AvgDialog,Content,玩家,1……呃，88号。,"1... Uh, No. 88.",,,,,,,,,,,
AvgDialog_22125_Content_63,ahVC,avgV1.5奥尔拉大型支线_AvgDialog_C_M.csv,313,AvgDialog,Content,画家,你说的是101……这里没有101号……,"Speaking to strangers? You've made great progress already, Horla!",,,,,,,,,,,
AvgDialog_22125_Content_64,ahVD,avgV1.5奥尔拉大型支线_AvgDialog_C_M.csv,314,AvgDialog,Content,画家,你们是小偷……你们偷走了我的画！就是你们偷走了我的画！！,You liars... You stole my painting! It was you who stole my painting!!,,,,,,,,,,,
AvgDialog_22125_Content_66,ahVF,avgV1.5奥尔拉大型支线_AvgDialog_C_M.csv,316,AvgDialog,Content,,几道绚烂诡异的色彩突然出现在附近的建筑上，像是一幅完整的画，被某种不知名的力量撕扯成混乱的颜色集合。,101... I don't remember if there is a No. 101 on March Street.,,,,,,,,,,,
AvgDialog_22125_Content_69,ahVI,avgV1.5奥尔拉大型支线_AvgDialog_C_M.csv,319,AvgDialog,Content,画家,把我的画……还给我……！,Give me back my painting!!,,,,,,,,,,,
AvgDialog_22125_Content_72,ahVM,avgV1.5奥尔拉大型支线_AvgDialog_C_M.csv,322,AvgDialog,Content,,胸前的校徽，泛起银色的光。,We've checked the whole street twice already.,,,,,,,,,,,
AvgDialog_22125_Content_73,ahVN,avgV1.5奥尔拉大型支线_AvgDialog_C_M.csv,323,AvgDialog,Content,玩家,西岱……又发生什么事了吗？,"Only one person, and they look like an animal, but I suppose it's not nothing...",,,,,,,,,,,
AvgDialog_22125_Content_74,ahVO,avgV1.5奥尔拉大型支线_AvgDialog_C_M.csv,324,AvgDialog,Content,朵尔,一栋建筑，消失了。,Huh? But I don't see where No. 101 is...,,,,,,,,,,,
AvgDialog_22125_Content_76,ahVQ,avgV1.5奥尔拉大型支线_AvgDialog_C_M.csv,326,AvgDialog,Content,朵尔,99号。,March Street... There is no No. 101.,,,,,,,,,,,
AvgDialog_22125_Content_77,ahVR,avgV1.5奥尔拉大型支线_AvgDialog_C_M.csv,327,AvgDialog,Content,,你看着眼前残留的99号门牌，深吸了一口气。,The highest house number here is this one.,,,,,,,,,,,
AvgDialog_22125_Content_79,ahVT,avgV1.5奥尔拉大型支线_AvgDialog_C_M.csv,329,AvgDialog,Content,无纸奥尔拉,守密人%sirormadam%，我有个猜测……,March Street... No. 99.,,,,,,,,,,,
AvgDialog_22125_Content_82,ahVX,avgV1.5奥尔拉大型支线_AvgDialog_C_M.csv,332,AvgDialog,Content,玩家,……奥尔拉，你要不要认真听听自己在说什么。,"......Horla, what are you saying?",,,,,,,,,,,
AvgDialog_22125_Content_84,ahVZ,avgV1.5奥尔拉大型支线_AvgDialog_C_M.csv,334,AvgDialog,Content,玩家,不是真实的西岱……,This isn't the real Cité...?,,,,,,,,,,,
AvgDialog_22125_Content_85,ahWa,avgV1.5奥尔拉大型支线_AvgDialog_C_M.csv,335,AvgDialog,Content,无纸奥尔拉,需要用诗买票的毛毛虫电车，蝴蝶夫人，只有99号的三月街，画家，雏菊星星……,"The Caterpillar Train that requires a poem for a ticket, Madame Butterfly, only No. 99 March Street, the Painter, Daisy Stars...",,,,,,,,,,,
AvgDialog_22125_Content_88,ahWd,avgV1.5奥尔拉大型支线_AvgDialog_C_M.csv,338,AvgDialog,Content,无纸奥尔拉,守密人%sirormadam%，这里不是真实的西岱。,"{Male=Sir,Female=Madam} Keeper, this is not the real Cité.",,,,,,,,,,,
AvgDialog_22125_Content_89,ahWe,avgV1.5奥尔拉大型支线_AvgDialog_C_M.csv,339,AvgDialog,Content,无纸奥尔拉,这里，是我<Yellow:诗里的西岱>……,This is the <Yellow:Cité of my imagination>...,,,,,,,,,,,
AvgDialog_22125_Content_94,ahWk,avgV1.5奥尔拉大型支线_AvgDialog_C_M.csv,344,AvgDialog,Content,无纸奥尔拉,我也不知道……这里有些东西和我诗里写的也不完全一样。,You watch it warily. The Caterpillar Train seems friendly enough...,,,,,,,,,,,
AvgDialog_22125_Content_95,ahWl,avgV1.5奥尔拉大型支线_AvgDialog_C_M.csv,345,AvgDialog,Content,无纸奥尔拉,诗里的这一切，本来应该是美好又永恒的……我也不知道为什么会变成现在这样……,"Excuse me, does this train go to Medici Avenue?",,,,,,,,,,,
AvgDialog_22125_Content_97,ahWn,avgV1.5奥尔拉大型支线_AvgDialog_C_M.csv,347,AvgDialog,Content,玩家,路你还记得吗？,"A railcar that can go anywhere, huh... Sure, that makes sense.",,,,,,,,,,,
AvgDialog_22125_Content_100,ahUw,avgV1.5奥尔拉大型支线_AvgDialog_C_M.csv,350,AvgDialog,Content,无纸奥尔拉,走吧，守密人%sirormadam%，我们去玫瑰园……去我死去的地方。,"Hello! Madame Butterfly, Mr. Caterpillar!",,,,,,,,,,,
AvgDialog_22121_Content_5,ahTA,avgV1.5奥尔拉大型支线_AvgDialog_C_M.csv,355,AvgDialog,Content,无纸奥尔拉,不过……这里为什么变成了这个样子？,"Growing up in the flower house was nice, but a bit cramped. We dreamed of having a home in the manor someday.",,,,,,,,,,,
AvgDialog_22121_Content_6,ahTL,avgV1.5奥尔拉大型支线_AvgDialog_C_M.csv,356,AvgDialog,Content,,在它脚下硕大的花园里，长满了死灰色的枯草。你们向花园中走去。,"In the vast garden at its foot, gray withered grass grew everywhere. You walk into the garden.",,,,,,,,,,,
AvgDialog_22121_Content_7,ahTW,avgV1.5奥尔拉大型支线_AvgDialog_C_M.csv,357,AvgDialog,Content,玩家,越靠近这里，周围的色彩就变得越暗淡……这些，也是你诗集里的想象吗？,"The closer you get, the dimmer the colors around you become... Are these also part of the imagination of your poetry?",,,,,,,,,,,
AvgDialog_22121_Content_9,ahUm,avgV1.5奥尔拉大型支线_AvgDialog_C_M.csv,359,AvgDialog,Content,,或许是因为写过一些和死亡有关的诗,"I have no choice. Some gaze at the stars, while others must watch the ground beneath their feet.",,,,,,,,,,,
AvgDialog_22121_Content_10,ahSJ,avgV1.5奥尔拉大型支线_AvgDialog_C_M.csv,360,AvgDialog,Content,,或许是受到了那场大火的影响,Perhaps it's been affected by that great fire.,,,,,,,,,,,
AvgDialog_22121_Content_12,ahSL,avgV1.5奥尔拉大型支线_AvgDialog_C_M.csv,362,AvgDialog,Content,玩家,奥尔拉，那本诗集是放在哪里的？,"Only thanks to Mr. Herbert. Without your help, I would have died from Dissolution.",,,,,,,,,,,
AvgDialog_22121_Content_14,ahSN,avgV1.5奥尔拉大型支线_AvgDialog_C_M.csv,364,AvgDialog,Content,无纸奥尔拉,我们住在种植玫瑰的温室里，穿过那片花圃就能找到了。,We lived in a greenhouse where roses are grown. You can find it by crossing the flower bed.,,,,,,,,,,,
AvgDialog_22121_Content_15,ahSO,avgV1.5奥尔拉大型支线_AvgDialog_C_M.csv,365,AvgDialog,Content,无纸奥尔拉,啊！,The dissolved poem produced such a unique domain. Even the dissolved verses could disturb real objects.,,,,,,,,,,,
AvgDialog_22121_Content_16,ahSP,avgV1.5奥尔拉大型支线_AvgDialog_C_M.csv,366,AvgDialog,Content,玩家,有危险？！,Not even Mythag can find many research projects this interesting.,,,,,,,,,,,
AvgDialog_22121_Content_17,ahSQ,avgV1.5奥尔拉大型支线_AvgDialog_C_M.csv,367,AvgDialog,Content,无纸奥尔拉,啊，不是……守密人%sirormadam%，您看那里。,"Ah, no... {Male=Sir,Female=Madam} Keeper, look there.",,,,,,,,,,,
AvgDialog_22121_Content_20,ahSU,avgV1.5奥尔拉大型支线_AvgDialog_C_M.csv,370,AvgDialog,Content,无纸奥尔拉,来到这里以后，我们经常玩这个游戏，有时候我演贵族，有时候柯蕾特演。,"When we lived here, Colette and I would often play this game together. Sometimes I would play the noble, sometimes she would.",,,,,,,,,,,
AvgDialog_22121_Content_21,ahSV,avgV1.5奥尔拉大型支线_AvgDialog_C_M.csv,371,AvgDialog,Content,无纸奥尔拉,这幅画是她画的，画得不太好看。不过当时我们没有更多的粉笔了。,"According to your statement, by that time, the dissolution of the poem will spread and may even affect the entirety of Cité?",,,,,,,,,,,
AvgDialog_22121_Content_22,ahSW,avgV1.5奥尔拉大型支线_AvgDialog_C_M.csv,372,AvgDialog,Content,无纸奥尔拉,这个红裙子，是她用玫瑰的花汁涂抹出来的……现在已经看不太清楚了，好可惜。,"She dyed this dress red with juice from the roses... It's barely visible now, what a pity.",,,,,,,,,,,
AvgDialog_22121_Content_23,ahSX,avgV1.5奥尔拉大型支线_AvgDialog_C_M.csv,373,AvgDialog,Content,,奥尔拉的手指轻轻从那副简笔画上拂过，嘴角轻轻扬起。,Of course. But I care about what I have... Will my Domain still be stable by then?,,,,,,,,,,,
AvgDialog_22121_Content_25,ahSZ,avgV1.5奥尔拉大型支线_AvgDialog_C_M.csv,375,AvgDialog,Content,无纸奥尔拉,也是我最好的朋友。,She was also my best friend.,,,,,,,,,,,
AvgDialog_22121_Content_26,ahTa,avgV1.5奥尔拉大型支线_AvgDialog_C_M.csv,376,AvgDialog,Content,无纸奥尔拉,小时候住在花房，虽然也很好，但是有一点点挤。我们就梦想着，有一天能在这上面的小楼里有一间房子。,"Growing up in the flower house was nice, but a bit cramped. We dreamed of having a home in the manor someday.",,,,,,,,,,,
AvgDialog_22121_Content_27,ahTb,avgV1.5奥尔拉大型支线_AvgDialog_C_M.csv,377,AvgDialog,Content,无纸奥尔拉,不过，直到最后也没有住上……,"One day, I'll even buy us a home in that building!",,,,,,,,,,,
AvgDialog_22121_Content_29,ahTd,avgV1.5奥尔拉大型支线_AvgDialog_C_M.csv,379,AvgDialog,Content,无纸奥尔拉,守密人%sirormadam%，穿过这片玫瑰园，我们就快到了。,"{Male=Sir,Female=Madam} Keeper, through this rose garden, we're almost there.",,,,,,,,,,,
AvgDialog_22121_Content_32,ahTh,avgV1.5奥尔拉大型支线_AvgDialog_C_M.csv,382,AvgDialog,Content,玩家,是柯蕾特种的？,Were they Colette's?,,,,,,,,,,,
AvgDialog_22121_Content_33,ahTi,avgV1.5奥尔拉大型支线_AvgDialog_C_M.csv,383,AvgDialog,Content,无纸奥尔拉,嗯！那时候，我们刚刚从以前的庄园被赶出来，没有地方去……,"Although it was extremely tough and we were far from buying a house, we were actually quite happy during that time.",,,,,,,,,,,
AvgDialog_22121_Content_36,ahTl,avgV1.5奥尔拉大型支线_AvgDialog_C_M.csv,386,AvgDialog,Content,生前奥尔拉,柯蕾特，我们快走吧……要是被人发现，会很麻烦的！,"In the vast garden at its foot, gray withered grass grew everywhere. You walk into the garden.",,,,,,,,,,,
AvgDialog_22121_Content_37,ahTm,avgV1.5奥尔拉大型支线_AvgDialog_C_M.csv,387,AvgDialog,Content,柯蕾特,不会的。你看——,Hard to say... Maybe. I don't really know what to think.,,,,,,,,,,,
AvgDialog_22121_Content_40,ahTq,avgV1.5奥尔拉大型支线_AvgDialog_C_M.csv,390,AvgDialog,Content,柯蕾特,没人会在牢里住。奥尔拉，你看那边！,"No one's going to jail. Horla, look over there!",,,,,,,,,,,
AvgDialog_22121_Content_43,ahTt,avgV1.5奥尔拉大型支线_AvgDialog_C_M.csv,393,AvgDialog,Content,生前奥尔拉,柯蕾特……这是？,"The poem is buried over there! {Male=Sir,Female=Madam} Keeper, please follow me!",,,,,,,,,,,
AvgDialog_22121_Content_46,ahTw,avgV1.5奥尔拉大型支线_AvgDialog_C_M.csv,396,AvgDialog,Content,,她这才注意到，柯蕾特母亲留给她的项链没有挂在她的脖子上。,"The closer you get, the dimmer the colors around you become... Are these also part of the imagination of your poetry?",,,,,,,,,,,
AvgDialog_22121_Content_47,ahTx,avgV1.5奥尔拉大型支线_AvgDialog_C_M.csv,397,AvgDialog,Content,生前奥尔拉,柯蕾特！你……,"She points to a small spot in the middle of the backyard. The surrounding roses had turned to ash and fertilizer, now overgrown with black weeds.",,,,,,,,,,,
AvgDialog_22121_Content_48,ahTy,avgV1.5奥尔拉大型支线_AvgDialog_C_M.csv,398,AvgDialog,Content,柯蕾特,这些都不重要，奥尔拉。重要的是，这不是什么伯爵的花园——这是我们的花园。,"Shh~ None of that matters, Horla. What matters is, this isn't some count's garden—this is <Italic:our garden.>",,,,,,,,,,,
AvgDialog_22121_Content_49,ahTz,avgV1.5奥尔拉大型支线_AvgDialog_C_M.csv,399,AvgDialog,Content,柯蕾特,我们以后就在花园里睡觉，做饭……我会靠这块土地上长出的花，给我们买衣服，买吃的。,We'll eat and sleep in the greenhouse... I'll sell the flowers that grow on this land to buy us clothes and food.,,,,,,,,,,,
AvgDialog_22121_Content_50,ahTB,avgV1.5奥尔拉大型支线_AvgDialog_C_M.csv,400,AvgDialog,Content,柯蕾特,总有一天，就连上面那栋楼房里的房子，我也要买下来！,"One day, I'll even buy us a home in that building!",,,,,,,,,,,
AvgDialog_22121_Content_52,ahTD,avgV1.5奥尔拉大型支线_AvgDialog_C_M.csv,402,AvgDialog,Content,生前奥尔拉,除了写一些没有人看的诗，我什么忙也帮不上……,"{Male=Sir,Female=Madam} Keeper, through this rose garden, we're almost there.",,,,,,,,,,,
AvgDialog_22121_Content_56,ahTH,avgV1.5奥尔拉大型支线_AvgDialog_C_M.csv,406,AvgDialog,Content,无纸奥尔拉,那之后，她就靠这个花园里的花养活了我们两个人。,Were they Colette's?,,,,,,,,,,,
AvgDialog_22121_Content_57,ahTI,avgV1.5奥尔拉大型支线_AvgDialog_C_M.csv,407,AvgDialog,Content,无纸奥尔拉,虽然非常辛苦，离买下房子也差了很远很远，但我能感觉到，那段时间，我们其实过得很开心。,"Although it was extremely tough and we were far from buying a house, we were actually quite happy during that time.",,,,,,,,,,,
AvgDialog_22121_Content_60,ahTM,avgV1.5奥尔拉大型支线_AvgDialog_C_M.csv,410,AvgDialog,Content,无纸奥尔拉,说不上来……或许吧。我也不知道应该怎么样才好。,Hard to say... Maybe. I don't really know what to think.,,,,,,,,,,,
AvgDialog_22121_Content_64,ahTQ,avgV1.5奥尔拉大型支线_AvgDialog_C_M.csv,414,AvgDialog,Content,无纸奥尔拉,对不起！守密人%sirormadam%……我又让你难过了……,"No one's going to jail. Horla, look over there!",,,,,,,,,,,
AvgDialog_22121_Content_67,ahTT,avgV1.5奥尔拉大型支线_AvgDialog_C_M.csv,417,AvgDialog,Content,无纸奥尔拉,诗集就埋在那边！守密人%sirormadam%，请随我来！,"The poem is buried over there! {Male=Sir,Female=Madam} Keeper, please follow me!",,,,,,,,,,,
AvgDialog_22121_Content_70,ahTX,avgV1.5奥尔拉大型支线_AvgDialog_C_M.csv,420,AvgDialog,Content,,她指着后院中间的一小块地方。四周的玫瑰已经变成了灰烬与养料，变成了如今丛生的黑色杂草。,"She points to a small spot in the middle of the backyard. The surrounding roses had turned to ash and fertilizer, now overgrown with black weeds.",,,,,,,,,,,
AvgDialog_22121_Content_71,ahTY,avgV1.5奥尔拉大型支线_AvgDialog_C_M.csv,421,AvgDialog,Content,,弥萨格的报告上说，他们是在一块被烧焦的空地上找到了奥尔拉的银芯。,"Shh~ None of that matters, Horla. What matters is, this isn't some count's garden—this is <Italic:our garden.>",,,,,,,,,,,
AvgDialog_22121_Content_72,ahTZ,avgV1.5奥尔拉大型支线_AvgDialog_C_M.csv,422,AvgDialog,Content,,——那是诗集的埋藏处。那是她的葬身之地。,We'll eat and sleep in the greenhouse... I'll sell the flowers that grow on this land to buy us clothes and food.,,,,,,,,,,,
AvgDialog_22121_Content_77,ahUe,avgV1.5奥尔拉大型支线_AvgDialog_C_M.csv,427,AvgDialog,Content,玩家,谁？！——,"Ah, look, {Male=Sir,Female=Madam} Keeper! It's the stars!",,,,,,,,,,,
AvgDialog_22121_Content_83,ahUl,avgV1.5奥尔拉大型支线_AvgDialog_C_M.csv,433,AvgDialog,Content,贵妇,欢迎回家，奥尔拉。,"Ah, so {Male=Sir,Female=Madam} Keeper has been observing all along?",,,,,,,,,,,
AvgDialog_22120_Content_2,ahRr,avgV1.5奥尔拉大型支线_AvgDialog_C_M.csv,435,AvgDialog,Content,无纸奥尔拉,你是……柯蕾特……,"Colette ignores you, adjusts her clothing, and walks into the building.",,,,,,,,,,,
AvgDialog_22120_Content_6,ahSj,avgV1.5奥尔拉大型支线_AvgDialog_C_M.csv,439,AvgDialog,Content,老年柯蕾特,看到你现在还是这么年轻，真是让人高兴。,Perhaps it's been affected by that great fire.,,,,,,,,,,,
AvgDialog_22120_Content_7,ahSu,avgV1.5奥尔拉大型支线_AvgDialog_C_M.csv,440,AvgDialog,Content,玩家,你是怎么看到奥尔拉的？,"When we lived here, Colette and I would often play this game together. Sometimes I would play the noble, sometimes she would.",,,,,,,,,,,
AvgDialog_22120_Content_21,ahRt,avgV1.5奥尔拉大型支线_AvgDialog_C_M.csv,454,AvgDialog,Content,老年柯蕾特,还记得吗，曾经我们最大的梦想，不过是要买下一间房。,"You try to chase after her, but the building suddenly vanishes and reappears behind you.",,,,,,,,,,,
AvgDialog_22120_Content_22,ahRu,avgV1.5奥尔拉大型支线_AvgDialog_C_M.csv,455,AvgDialog,Content,老年柯蕾特,可如今呢？诗歌，子民，土地……还有我们一直梦想着的这栋楼。,"You discover that the garden's structure was completely inverted, like a living creature.",,,,,,,,,,,
AvgDialog_22120_Content_27,ahRz,avgV1.5奥尔拉大型支线_AvgDialog_C_M.csv,460,AvgDialog,Content,,柯蕾特笑着摇了摇头。,"It's still unclear how this place was formed. However, it seems that finding her may prove quite troublesome.",,,,,,,,,,,
AvgDialog_22120_Content_31,ahRE,avgV1.5奥尔拉大型支线_AvgDialog_C_M.csv,464,AvgDialog,Content,老年柯蕾特,有些时候，我真的很嫉妒你。嫉妒你的才华，你的天赋，也嫉妒你的天真。,"It's not you, Horla. I don't really understand anyone's poetry.",,,,,,,,,,,
AvgDialog_22120_Content_43,ahRR,avgV1.5奥尔拉大型支线_AvgDialog_C_M.csv,476,AvgDialog,Content,,柯蕾特没有理会你，整理了一下衣着，走入楼中。,"Colette ignores you, adjusts her clothing, and walks into the building.",,,,,,,,,,,
AvgDialog_22120_Content_45,ahRT,avgV1.5奥尔拉大型支线_AvgDialog_C_M.csv,478,AvgDialog,Content,,你想要追上去，但眼前的楼突然一下消失，出现在你的身后。,"You try to chase after her, but the building suddenly vanishes and reappears behind you.",,,,,,,,,,,
AvgDialog_22120_Content_46,ahRU,avgV1.5奥尔拉大型支线_AvgDialog_C_M.csv,479,AvgDialog,Content,,你发现，花园的结构整个颠倒了过来，如同一个会动的活物。,"You discover that the garden's structure was completely inverted, like a living creature.",,,,,,,,,,,
AvgDialog_22120_Content_50,ahRZ,avgV1.5奥尔拉大型支线_AvgDialog_C_M.csv,483,AvgDialog,Content,玩家,现在还不清楚这个地方到底是怎么形成的。不过看起来想要找到她，恐怕是有些麻烦了。,"It's still unclear how this place was formed. However, it seems that finding her may prove quite troublesome.",,,,,,,,,,,
AvgDialog_22120_Content_51,ahSa,avgV1.5奥尔拉大型支线_AvgDialog_C_M.csv,484,AvgDialog,Content,玩家,我们快追上去！,"By then, all the power and wealth in Cité will be yours.",,,,,,,,,,,
AvgDialog_22120_Content_52,ahSb,avgV1.5奥尔拉大型支线_AvgDialog_C_M.csv,485,AvgDialog,Content,,你带着奥尔拉接近大楼，正准备闯进去的时候，奥尔拉发出一声惊呼。,"An inexorable victory. Ah, Colette... haven't you always been a winner?",,,,,,,,,,,
AvgDialog_22120_Content_53,ahSc,avgV1.5奥尔拉大型支线_AvgDialog_C_M.csv,486,AvgDialog,Content,无纸奥尔拉,守密人%sirormadam%，您看这是什么？,"{Male=Sir,Female=Madam} Keeper, what do you see here?",,,,,,,,,,,
AvgDialog_22120_Content_55,ahSe,avgV1.5奥尔拉大型支线_AvgDialog_C_M.csv,488,AvgDialog,Content,,你拾起信，将它拆开。,You pick up the letter and open it.,,,,,,,,,,,
AvgDialog_22120_Content_57,ahSg,avgV1.5奥尔拉大型支线_AvgDialog_C_M.csv,490,AvgDialog,Content,,咔嗒——,"<Italic:We will all be winners, Mr. Herbert.>",,,,,,,,,,,
AvgDialog_22120_Content_61,ahSl,avgV1.5奥尔拉大型支线_AvgDialog_C_M.csv,494,AvgDialog,Content,老年柯蕾特,多亏了赫伯特先生。要是没有您的帮助，我早就已经因为融蚀而死去了。,"Only thanks to Mr. Herbert. Without your help, I would have died from Dissolution.",,,,,,,,,,,
AvgDialog_22120_Content_63,ahSn,avgV1.5奥尔拉大型支线_AvgDialog_C_M.csv,496,AvgDialog,Content,赫伯特,各取所需。我需要您帮忙，验证密境与现实世界统一的可能性。,We lived in a greenhouse where roses are grown. You can find it by crossing the flower bed.,,,,,,,,,,,
AvgDialog_22120_Content_64,ahSo,avgV1.5奥尔拉大型支线_AvgDialog_C_M.csv,497,AvgDialog,Content,赫伯特,被融蚀的诗集，竟能产生如此特殊的密境。被融蚀的诗句，竟能干扰到现实的物体……,The dissolved poem produced such a unique domain. Even the dissolved verses could disturb real objects.,,,,,,,,,,,
AvgDialog_22120_Content_65,ahSp,avgV1.5奥尔拉大型支线_AvgDialog_C_M.csv,498,AvgDialog,Content,赫伯特,就连弥萨格，也找不出几个这样有趣的研究。,Not even Mythag can find many research projects this interesting.,,,,,,,,,,,
AvgDialog_22120_Content_66,ahSq,avgV1.5奥尔拉大型支线_AvgDialog_C_M.csv,499,AvgDialog,Content,老年柯蕾特,如果能一直活在虚假中，那就不存在虚假了。,"Ah, no... {Male=Sir,Female=Madam} Keeper, look there.",,,,,,,,,,,
AvgDialog_22120_Content_70,ahSv,avgV1.5奥尔拉大型支线_AvgDialog_C_M.csv,503,AvgDialog,Content,老年柯蕾特,照您的说法，到那时候，诗集的融蚀将会扩散，甚至可能会影响到整个西岱？,"According to your statement, by that time, the dissolution of the poem will spread and may even affect the entirety of Cité?",,,,,,,,,,,
AvgDialog_22120_Content_71,ahSw,avgV1.5奥尔拉大型支线_AvgDialog_C_M.csv,504,AvgDialog,Content,赫伯特,我不记得您是一个关心道德的人。,"She dyed this dress red with juice from the roses... It's barely visible now, what a pity.",,,,,,,,,,,
AvgDialog_22120_Content_72,ahSx,avgV1.5奥尔拉大型支线_AvgDialog_C_M.csv,505,AvgDialog,Content,老年柯蕾特,当然。但我关心我所拥有的东西……到那时候，我的密境会受到影响吗？,Of course. But I care about what I have... Will my Domain still be stable by then?,,,,,,,,,,,
AvgDialog_22120_Content_74,ahSz,avgV1.5奥尔拉大型支线_AvgDialog_C_M.csv,507,AvgDialog,Content,赫伯特,密境现在能覆盖的地方还不大，等到仪式完成，它将会扩散到西岱全境。,She was also my best friend.,,,,,,,,,,,
AvgDialog_22120_Content_75,ahSA,avgV1.5奥尔拉大型支线_AvgDialog_C_M.csv,508,AvgDialog,Content,赫伯特,到那个时候，整个西岱的权力与财富，都将是您的。,"By then, all the power and wealth in Cité will be yours.",,,,,,,,,,,
AvgDialog_22120_Content_76,ahSB,avgV1.5奥尔拉大型支线_AvgDialog_C_M.csv,509,AvgDialog,Content,赫伯特,“柯蕾特”，胜利……您从来都是赢家。不是吗？,"An inexorable victory. Ah, Colette... haven't you always been a winner?",,,,,,,,,,,
AvgDialog_22120_Content_77,ahSC,avgV1.5奥尔拉大型支线_AvgDialog_C_M.csv,510,AvgDialog,Content,,花匠走到窗边，看着她的花园。,"{Male=Sir,Female=Madam} Keeper, what do you see here?",,,,,,,,,,,
AvgDialog_22120_Content_79,ahSE,avgV1.5奥尔拉大型支线_AvgDialog_C_M.csv,512,AvgDialog,Content,,贵妇人的脸倒映在摇晃的酒杯上，如同某种溃烂的创口。,You pick up the letter and open it.,,,,,,,,,,,
AvgDialog_22120_Content_80,ahSG,avgV1.5奥尔拉大型支线_AvgDialog_C_M.csv,513,AvgDialog,Content,老年柯蕾特,我们都会是赢家，赫伯特先生。,"<Italic:We will all be winners, Mr. Herbert.>",,,,,,,,,,,
AvgDialog_22133_Content_2,aifV,avgV1.5奥尔拉大型支线_AvgDialog_C_M.csv,515,AvgDialog,Content,无纸奥尔拉,守密人%sirormadam%，诗中世界……消失了？,"{Male=Sir,Female=Madam} Keeper, has the poetic world... disappeared?",,,,,,,,,,,
AvgDialog_22133_Content_3,aigg,avgV1.5奥尔拉大型支线_AvgDialog_C_M.csv,516,AvgDialog,Content,玩家,你看门外。,Look back outside.,,,,,,,,,,,
AvgDialog_22133_Content_4,aigr,avgV1.5奥尔拉大型支线_AvgDialog_C_M.csv,517,AvgDialog,Content,,奥尔拉回头向外望去。,Horla looks outside the door.,,,,,,,,,,,
AvgDialog_22133_Content_14,aifP,avgV1.5奥尔拉大型支线_AvgDialog_C_M.csv,527,AvgDialog,Content,,你探出头去望了望，怪物暂时跑开，你拉起奥尔拉，迅速跑上楼梯。,"Peering out, you see the monster went somewhere else. You grab Horla and quickly run upstairs.",,,,,,,,,,,
AvgDialog_22133_Content_29,aigf,avgV1.5奥尔拉大型支线_AvgDialog_C_M.csv,542,AvgDialog,Content,无纸奥尔拉,守密人%sirormadam%，前面就是……,"{Male=Sir,Female=Madam} Keeper, up ahead is...",,,,,,,,,,,
AvgDialog_22133_Content_31,aigi,avgV1.5奥尔拉大型支线_AvgDialog_C_M.csv,544,AvgDialog,Content,,你一把捂住奥尔拉的嘴，把她拉到墙的拐角边。,You quickly cover Horla's mouth and pull her to the corner of the wall.,,,,,,,,,,,
AvgDialog_22133_Content_35,aigm,avgV1.5奥尔拉大型支线_AvgDialog_C_M.csv,548,AvgDialog,Content,怪物A,我们已经守了这么久了，什么都没看到。待会儿会不会赶不上庆典仪式了？,We've been keeping watch for so long and haven't seen anything. Won't we miss the ceremony?,,,,,,,,,,,
AvgDialog_22133_Content_37,aigo,avgV1.5奥尔拉大型支线_AvgDialog_C_M.csv,550,AvgDialog,Content,怪物A,真是期待啊，能够亲眼目睹柯蕾特夫人的现场创作……,I'm truly looking forward to witnessing Madam Colette's live creation...,,,,,,,,,,,
AvgDialog_22133_Content_38,aigp,avgV1.5奥尔拉大型支线_AvgDialog_C_M.csv,551,AvgDialog,Content,怪物B,柯蕾特夫人的现场创作，每年只有一次。做好准备，士兵。我们待会儿可是要跟整个西岱的人抢位置！,"Madam Colette's live performance happens only once a year. Get ready, soldiers. We'll be competing with all of Cité for seats!",,,,,,,,,,,
AvgDialog_22133_Content_47,aigz,avgV1.5奥尔拉大型支线_AvgDialog_C_M.csv,560,AvgDialog,Content,,伴随着银色的光芒，几道漂亮的字迹从空中划过，刻入怪物们的体内。两只怪物陷入了沉睡。,"Accompanied by silver light, elegant script appears in the air, inscribing itself into the monsters. The two monsters fall into a deep sleep.",,,,,,,,,,,
AvgDialog_22133_Content_52,aigF,avgV1.5奥尔拉大型支线_AvgDialog_C_M.csv,565,AvgDialog,Content,玩家,你刚才皱着眉头，是在思考什么吗？,"{Male=Sir,Female=Madam} Keeper, up ahead is...",,,,,,,,,,,
AvgDialog_22133_Content_53,aigG,avgV1.5奥尔拉大型支线_AvgDialog_C_M.csv,566,AvgDialog,Content,无纸奥尔拉,噢……守密人%sirormadam%，我在想刚才那两个怪物的谈话……,Look back outside.,,,,,,,,,,,
AvgDialog_22133_Content_55,aigI,avgV1.5奥尔拉大型支线_AvgDialog_C_M.csv,568,AvgDialog,Content,无纸奥尔拉,在那本诗集里，我写过一首诗，是关于诗之城雕像的。,You quickly cover Horla's mouth and pull her to the corner of the wall.,,,,,,,,,,,
AvgDialog_22133_Content_59,aigM,avgV1.5奥尔拉大型支线_AvgDialog_C_M.csv,572,AvgDialog,Content,无纸奥尔拉,所以每年的庆典日，人们都会聚集在雕像所在的广场，聆听这座雕像现场创作出的诗……,We've been keeping watch for so long and haven't seen anything. Won't we miss the ceremony?,,,,,,,,,,,
AvgDialog_22133_Content_60,aigO,avgV1.5奥尔拉大型支线_AvgDialog_C_M.csv,573,AvgDialog,Content,玩家,我明白了。柯蕾特是将那块雕像的意象窜改成了她自己……,I'm truly looking forward to witnessing Madam Colette's live creation...,,,,,,,,,,,
AvgDialog_22133_Content_61,aigP,avgV1.5奥尔拉大型支线_AvgDialog_C_M.csv,574,AvgDialog,Content,玩家,那个钟楼是在哪里？,"Madam Colette's live performance happens only once a year. Get ready, soldiers. We'll be competing with all of Cité for seats!",,,,,,,,,,,
AvgDialog_22133_Content_63,aigR,avgV1.5奥尔拉大型支线_AvgDialog_C_M.csv,576,AvgDialog,Content,无纸奥尔拉,两栋楼连在一起，从一座廊桥上就能过去。,Horla looks outside the door.,,,,,,,,,,,
AvgDialog_22133_Content_70,aigZ,avgV1.5奥尔拉大型支线_AvgDialog_C_M.csv,583,AvgDialog,Content,无纸奥尔拉,是去柯蕾特的房间把诗集抢过来吗？可是这里的怪物很多……,"Accompanied by silver light, elegant script appears in the air, inscribing itself into the monsters. The two monsters fall into a deep sleep.",,,,,,,,,,,
AvgDialog_22132_Content_3,aiel,avgV1.5奥尔拉大型支线_AvgDialog_C_M.csv,594,AvgDialog,Content,悲伤的邻居,来不及了……花园里的东西，什么都不剩了……,It's too late... Nothing remains of the garden...,,,,,,,,,,,
AvgDialog_22132_Content_5,aieH,avgV1.5奥尔拉大型支线_AvgDialog_C_M.csv,596,AvgDialog,Content,好心的邻居,大部分都救出来了……有一个，还在花房里……,"Most of them, yes... But one is still in the greenhouse...",,,,,,,,,,,
AvgDialog_22132_Content_7,aifd,avgV1.5奥尔拉大型支线_AvgDialog_C_M.csv,598,AvgDialog,Content,好心的邻居,柯蕾特，柯蕾特……你也不要太伤心了。,"Thank you... {Male=Sir,Female=Madam} Keeper...",,,,,,,,,,,
AvgDialog_22132_Content_10,aidh,avgV1.5奥尔拉大型支线_AvgDialog_C_M.csv,601,AvgDialog,Content,好心的邻居,可怜的孩子……你和奥尔拉就像是亲姐妹一样……,Clang—,,,,,,,,,,,
AvgDialog_22132_Content_12,aidD,avgV1.5奥尔拉大型支线_AvgDialog_C_M.csv,603,AvgDialog,Content,好心的邻居,不要让她伤心……柯蕾特，好好活下去。,"Humans becoming butterflies... a beautiful image, isn't it?",,,,,,,,,,,
AvgDialog_22132_Content_15,aidV,avgV1.5奥尔拉大型支线_AvgDialog_C_M.csv,606,AvgDialog,Content,,一滴眼泪从她的脸上滑落，很快蒸发在火焰的余温里。,"{Male=Sir,Female=Madam} Keeper, I don't seem to notice any changes?",,,,,,,,,,,
AvgDialog_22132_Content_20,aieb,avgV1.5奥尔拉大型支线_AvgDialog_C_M.csv,611,AvgDialog,Content,柯蕾特,真是残忍啊，奥尔拉。你连任何一个恨你的理由都不给我。你就非要让我在痛苦里度过自己的余生……,"Sure, it should be possible... As the poem goes, the envoy of the sculpture will deliver a letter to the bell-ringer, which signals the arrival of midnight.",,,,,,,,,,,
AvgDialog_22132_Content_22,aied,avgV1.5奥尔拉大型支线_AvgDialog_C_M.csv,613,AvgDialog,Content,,她学着一个贵族的样子，骄傲地抬起头，冲着已化作余焰与灰烬的花园微笑。,Huh? I... I have to... lie to a stranger...?,,,,,,,,,,,
AvgDialog_22132_Content_23,aiee,avgV1.5奥尔拉大型支线_AvgDialog_C_M.csv,614,AvgDialog,Content,柯蕾特,……那么，再见了，奥尔拉。,"Uh... nevermind, I'll go instead... You stay here, and if they make any sudden moves, help me subdue them.",,,,,,,,,,,
AvgDialog_22132_Content_25,aieg,avgV1.5奥尔拉大型支线_AvgDialog_C_M.csv,616,AvgDialog,Content,,一滴泪水滑落在诗集上，在房间中发出清晰的声响。,"A tear falls on the poem collection, producing a clear sound in the room.",,,,,,,,,,,
AvgDialog_22132_Content_26,aieh,avgV1.5奥尔拉大型支线_AvgDialog_C_M.csv,617,AvgDialog,Content,老年柯蕾特,我已经很多很多年没有这样了……奥尔拉，你还真是像以前一样，充满了惊喜。,"Most of them, yes... But one is still in the greenhouse...",,,,,,,,,,,
AvgDialog_22132_Content_27,aiei,avgV1.5奥尔拉大型支线_AvgDialog_C_M.csv,618,AvgDialog,Content,老年柯蕾特,你说，你为什么没有在诗集里留下你自己的形象呢？,Who's there?,,,,,,,,,,,
AvgDialog_22132_Content_28,aiej,avgV1.5奥尔拉大型支线_AvgDialog_C_M.csv,619,AvgDialog,Content,老年柯蕾特,要见你一面，真是不容易……可惜了。,It was truly difficult seeing you again... What a pity.,,,,,,,,,,,
AvgDialog_22132_Content_30,aiem,avgV1.5奥尔拉大型支线_AvgDialog_C_M.csv,621,AvgDialog,Content,老年柯蕾特,嗯，知道了。,You hand the bell-ringer the letter Colette had written to Herbert. He accepts it respectfully.,,,,,,,,,,,
AvgDialog_22132_Content_31,aien,avgV1.5奥尔拉大型支线_AvgDialog_C_M.csv,622,AvgDialog,Content,,她坐在镜子前，侍女拿出手绢，仔细地为她擦去脸上的泪痕。,She sits in front of the mirror while the maid carefully wipes away her tears with a handkerchief.,,,,,,,,,,,
AvgDialog_22132_Content_33,aiep,avgV1.5奥尔拉大型支线_AvgDialog_C_M.csv,624,AvgDialog,Content,,她认真地打量着镜子里的自己，牵动嘴角，露出一个贵族般的、胜利者的微笑。,"She gazes intently at herself in the mirror, curling her lips into a smile befitting nobility and victory.",,,,,,,,,,,
AvgDialog_22132_Content_34,aieq,avgV1.5奥尔拉大型支线_AvgDialog_C_M.csv,625,AvgDialog,Content,无纸奥尔拉,守密人%sirormadam%，这边！,"{Male=Sir,Female=Madam} Keeper, this way!",,,,,,,,,,,
AvgDialog_22132_Content_35,aier,avgV1.5奥尔拉大型支线_AvgDialog_C_M.csv,626,AvgDialog,Content,玩家,去钟楼的路还真是复杂……路上看守的怪物也多。,"The bell-ringer presses a button. The intricate gears begin to turn, and the hammer falls, striking the massive bell.",,,,,,,,,,,
AvgDialog_22132_Content_37,aiet,avgV1.5奥尔拉大型支线_AvgDialog_C_M.csv,628,AvgDialog,Content,,很贴切的意象,A fitting image.,,,,,,,,,,,
AvgDialog_22132_Content_38,aieu,avgV1.5奥尔拉大型支线_AvgDialog_C_M.csv,629,AvgDialog,Content,,真是不合时宜的修辞学……,The hammer falls repeatedly as the twelve chimes of midnight echo across Cité.,,,,,,,,,,,
AvgDialog_22132_Content_39,aiev,avgV1.5奥尔拉大型支线_AvgDialog_C_M.csv,630,AvgDialog,Content,,避开怪物们的搜索，你们来到了顶楼。,"Avoiding the monsters' search, you arrive at the top floor.",,,,,,,,,,,
AvgDialog_22132_Content_41,aiey,avgV1.5奥尔拉大型支线_AvgDialog_C_M.csv,632,AvgDialog,Content,玩家,只有一个怪物守在这里么？,"my...? ""Dear Mr. Herbert — Colette""...",,,,,,,,,,,
AvgDialog_22132_Content_42,aiez,avgV1.5奥尔拉大型支线_AvgDialog_C_M.csv,633,AvgDialog,Content,无纸奥尔拉,其他的怪物都去找我们了吧……这个怪物，应该就是负责敲钟的那位。,The other monsters must have gone elsewhere... This one should be the one responsible for ringing the bell.,,,,,,,,,,,
AvgDialog_22132_Content_44,aieB,avgV1.5奥尔拉大型支线_AvgDialog_C_M.csv,635,AvgDialog,Content,无纸奥尔拉,嗯，应该可以的……诗里面有写到，雕塑的使臣会为敲钟人送上一封信件，那便是午夜来临的信号。,"Sure, it should be possible... As the poem goes, the envoy of the sculpture will deliver a letter to the bell-ringer, which signals the arrival of midnight.",,,,,,,,,,,
AvgDialog_22132_Content_46,aieD,avgV1.5奥尔拉大型支线_AvgDialog_C_M.csv,637,AvgDialog,Content,无纸奥尔拉,啊？我、我要去……跟陌生人撒谎吗……,Huh? I... I have to... lie to a stranger...?,,,,,,,,,,,
AvgDialog_22132_Content_47,aieE,avgV1.5奥尔拉大型支线_AvgDialog_C_M.csv,638,AvgDialog,Content,玩家,呃……算了，还是我去吧……你就躲在这里，如果对方有什么异动，帮我制服它。,"Uh... nevermind, I'll go instead... You stay here, and if they make any sudden moves, help me subdue them.",,,,,,,,,,,
AvgDialog_22132_Content_49,aieG,avgV1.5奥尔拉大型支线_AvgDialog_C_M.csv,640,AvgDialog,Content,,你整理了一下衣着，走上前去。,"A tear falls on the poem collection, producing a clear sound in the room.",,,,,,,,,,,
AvgDialog_22132_Content_50,aieI,avgV1.5奥尔拉大型支线_AvgDialog_C_M.csv,641,AvgDialog,Content,敲钟人,谁？,Who's there?,,,,,,,,,,,
AvgDialog_22132_Content_51,aieJ,avgV1.5奥尔拉大型支线_AvgDialog_C_M.csv,642,AvgDialog,Content,,是我，柯蕾特夫人的使臣。,It was truly difficult seeing you again... What a pity.,,,,,,,,,,,
AvgDialog_22132_Content_53,aieL,avgV1.5奥尔拉大型支线_AvgDialog_C_M.csv,644,AvgDialog,Content,玩家,我是来给你送信的。午夜将要到了。,It's too late... Nothing remains of the garden...,,,,,,,,,,,
AvgDialog_22132_Content_54,aieM,avgV1.5奥尔拉大型支线_AvgDialog_C_M.csv,645,AvgDialog,Content,,你将那封柯蕾特写给赫伯特的信递给他。他恭敬地接下。,You hand the bell-ringer the letter Colette had written to Herbert. He accepts it respectfully.,,,,,,,,,,,
AvgDialog_22132_Content_55,aieN,avgV1.5奥尔拉大型支线_AvgDialog_C_M.csv,646,AvgDialog,Content,敲钟人,可是……使臣大人，看现在的天象，时间还没有到午夜啊……,She sits in front of the mirror while the maid carefully wipes away her tears with a handkerchief.,,,,,,,,,,,
AvgDialog_22132_Content_57,aieP,avgV1.5奥尔拉大型支线_AvgDialog_C_M.csv,648,AvgDialog,Content,,你敢质疑柯蕾特夫人的决定？,"She gazes intently at herself in the mirror, curling her lips into a smile befitting nobility and victory.",,,,,,,,,,,
AvgDialog_22132_Content_58,aieQ,avgV1.5奥尔拉大型支线_AvgDialog_C_M.csv,649,AvgDialog,Content,敲钟人,明……明白了！我这就去办！,"{Male=Sir,Female=Madam} Keeper, this way!",,,,,,,,,,,
AvgDialog_22132_Content_59,aieR,avgV1.5奥尔拉大型支线_AvgDialog_C_M.csv,650,AvgDialog,Content,,敲钟人按下了按钮。精密的齿轮开始转动，铁锤落下，击打在硕大的钟身上。,"The bell-ringer presses a button. The intricate gears begin to turn, and the hammer falls, striking the massive bell.",,,,,,,,,,,
AvgDialog_22132_Content_60,aieT,avgV1.5奥尔拉大型支线_AvgDialog_C_M.csv,651,AvgDialog,Content,,铛——铛——铛——,A fitting image.,,,,,,,,,,,
AvgDialog_22132_Content_61,aieU,avgV1.5奥尔拉大型支线_AvgDialog_C_M.csv,652,AvgDialog,Content,,铁锤一遍遍落下，午夜的十二道钟声响彻西岱。,The hammer falls repeatedly as the twelve chimes of midnight echo across Cité.,,,,,,,,,,,
AvgDialog_22132_Content_62,aieV,avgV1.5奥尔拉大型支线_AvgDialog_C_M.csv,653,AvgDialog,Content,敲钟人,使臣大人，午夜的钟声已经敲响了。,"Avoiding the monsters' search, you arrive at the top floor.",,,,,,,,,,,
AvgDialog_22132_Content_65,aieY,avgV1.5奥尔拉大型支线_AvgDialog_C_M.csv,656,AvgDialog,Content,敲钟人,咦……“赫伯特先生敬启——柯蕾特”……,"my...? ""Dear Mr. Herbert — Colette""...",,,,,,,,,,,
AvgDialog_22132_Content_66,aieZ,avgV1.5奥尔拉大型支线_AvgDialog_C_M.csv,657,AvgDialog,Content,敲钟人,这不是敲钟的命令……你……,The other monsters must have gone elsewhere... This one should be the one responsible for ringing the bell.,,,,,,,,,,,
AvgDialog_22132_Content_67,aifa,avgV1.5奥尔拉大型支线_AvgDialog_C_M.csv,658,AvgDialog,Content,,没等他的话说完，几道字迹飘入他的大脑，他的眼皮耷拉下来。,"Ah! I'm sorry, {Male=Sir,Female=Madam} Keeper... I always struggle to control my emotions...",,,,,,,,,,,
AvgDialog_22132_Content_68,aifb,avgV1.5奥尔拉大型支线_AvgDialog_C_M.csv,659,AvgDialog,Content,,在空中晃了两圈之后，沉重的身子砰的一声倒在了地上。,"After swaying twice in the air, the heavy body thuds to the ground.",,,,,,,,,,,
AvgDialog_22132_Content_70,aife,avgV1.5奥尔拉大型支线_AvgDialog_C_M.csv,661,AvgDialog,Content,玩家,看来他得错过这场庆典了。我们走。,"We spoke about it before. Colette said that once we buy this house, she would place all her precious items in a special display cabinet for all the guests to see.",,,,,,,,,,,
AvgDialog_22132_Content_71,aiff,avgV1.5奥尔拉大型支线_AvgDialog_C_M.csv,662,AvgDialog,Content,,铛——铛——铛——,Ding—Ding—,,,,,,,,,,,
AvgDialog_22132_Content_75,aifj,avgV1.5奥尔拉大型支线_AvgDialog_C_M.csv,666,AvgDialog,Content,兴奋的市民,啊，柯蕾特夫人，唯一的诗人，整个西岱的信仰……,"Ah, Madam Colette, the sole poet and the faith of all Cité...",,,,,,,,,,,
AvgDialog_22132_Content_80,aifp,avgV1.5奥尔拉大型支线_AvgDialog_C_M.csv,671,AvgDialog,Content,冷静的市民,只需要远远望一眼柯蕾特夫人，听到她讲话，我也就知足了。,"Peering out, you see the monster went somewhere else. You grab Horla and quickly run upstairs.",,,,,,,,,,,
AvgDialog_22132_Content_86,aifv,avgV1.5奥尔拉大型支线_AvgDialog_C_M.csv,677,AvgDialog,Content,无纸奥尔拉,和我们小时候来看的样子，一点都没有变……,"{Male=Sir,Female=Madam} Keeper, has the poetic world... disappeared?",,,,,,,,,,,
AvgDialog_22132_Content_90,aifA,avgV1.5奥尔拉大型支线_AvgDialog_C_M.csv,681,AvgDialog,Content,无纸奥尔拉,啊！对不起，守密人%sirormadam%……我总是控制不好自己的情绪……,"Ah! I'm sorry, {Male=Sir,Female=Madam} Keeper... I always struggle to control my emotions...",,,,,,,,,,,
AvgDialog_22132_Content_91,aifB,avgV1.5奥尔拉大型支线_AvgDialog_C_M.csv,682,AvgDialog,Content,,没关系，这很正常,"After swaying twice in the air, the heavy body thuds to the ground.",,,,,,,,,,,
AvgDialog_22132_Content_93,aifD,avgV1.5奥尔拉大型支线_AvgDialog_C_M.csv,684,AvgDialog,Content,无纸奥尔拉,谢谢您……守密人%sirormadam%……,"Thank you... {Male=Sir,Female=Madam} Keeper...",,,,,,,,,,,
AvgDialog_22132_Content_94,aifE,avgV1.5奥尔拉大型支线_AvgDialog_C_M.csv,685,AvgDialog,Content,无纸奥尔拉,我们曾经聊到过，柯蕾特说，等买下这栋房子以后，她会把所有珍贵的东西，都放在一个专门的展柜里，让所有客人观看。,"We spoke about it before. Colette said that once we buy this house, she would place all her precious items in a special display cabinet for all the guests to see.",,,,,,,,,,,
AvgDialog_22132_Content_95,aifF,avgV1.5奥尔拉大型支线_AvgDialog_C_M.csv,686,AvgDialog,Content,无纸奥尔拉,首饰，手提包，珍贵的服饰……还有，以她的名字署名的诗集。,Ding—Ding—,,,,,,,,,,,
AvgDialog_22132_Content_99,aifJ,avgV1.5奥尔拉大型支线_AvgDialog_C_M.csv,690,AvgDialog,Content,无纸奥尔拉,以前，这个诗集就是一些用别针扎起来的纸张……现在，样子已经变得很不一样啦。,"Ah, Madam Colette, the sole poet and the faith of all Cité...",,,,,,,,,,,
AvgDialog_22132_Content_102,aidk,avgV1.5奥尔拉大型支线_AvgDialog_C_M.csv,693,AvgDialog,Content,无纸奥尔拉,非常、非常怀念……不过没关系的，守密人%sirormadam%。,"I miss it very, very much... But it's okay, {Male=Sir,Female=Madam} Keeper.",,,,,,,,,,,
AvgDialog_22132_Content_105,aidn,avgV1.5奥尔拉大型支线_AvgDialog_C_M.csv,696,AvgDialog,Content,无纸奥尔拉,守密人%sirormadam%，能让我自己来吗？,"{Male=Sir,Female=Madam} Keeper, may I?",,,,,,,,,,,
AvgDialog_22132_Content_107,aidp,avgV1.5奥尔拉大型支线_AvgDialog_C_M.csv,698,AvgDialog,Content,无纸奥尔拉,我会怀念它。它也只应该存在于我的怀念里。,I'll miss it. But it should exist only in my memories.,,,,,,,,,,,
AvgDialog_22132_Content_110,aidt,avgV1.5奥尔拉大型支线_AvgDialog_C_M.csv,701,AvgDialog,Content,无纸奥尔拉,在很多年前，它就应该和我一起变成灰烬……这样的话，也不会有现在的麻烦了。,"This book and I should have shared the same fate, reduced to ashes long ago... There wouldn't be such trouble now if it had.",,,,,,,,,,,
AvgDialog_22132_Content_112,aidv,avgV1.5奥尔拉大型支线_AvgDialog_C_M.csv,703,AvgDialog,Content,无纸奥尔拉,守密人%sirormadam%，我好像没有察觉到什么变化？,"{Male=Sir,Female=Madam} Keeper, I don't seem to notice any changes?",,,,,,,,,,,
AvgDialog_22132_Content_117,aidA,avgV1.5奥尔拉大型支线_AvgDialog_C_M.csv,708,AvgDialog,Content,老年柯蕾特,诗集？啊，你说的是这个……,"Mrs. Butterfly, sorry... I-I'm not very good at small talk...",,,,,,,,,,,
AvgDialog_22132_Content_119,aidC,avgV1.5奥尔拉大型支线_AvgDialog_C_M.csv,710,AvgDialog,Content,,黑色的融蚀液，从诗集中滴落在地。,The pitch-black humanoid butterfly flapped its wings and swayed to and fro as it left the cruise ship. You looked around cautiously. The Szenyér River still flowed quietly.,,,,,,,,,,,
AvgDialog_22132_Content_123,aidH,avgV1.5奥尔拉大型支线_AvgDialog_C_M.csv,714,AvgDialog,Content,,砰——,Clang—,,,,,,,,,,,
AvgDialog_22132_Content_126,aidK,avgV1.5奥尔拉大型支线_AvgDialog_C_M.csv,717,AvgDialog,Content,老年柯蕾特,奥尔拉的诗里，的确没有写过这样的文字。,"I miss it very, very much... But it's okay, {Male=Sir,Female=Madam} Keeper.",,,,,,,,,,,
AvgDialog_22132_Content_129,aidN,avgV1.5奥尔拉大型支线_AvgDialog_C_M.csv,720,AvgDialog,Content,老年柯蕾特,……在这座西岱，我是唯一的主人。,"{Male=Sir,Female=Madam} Keeper, may I?",,,,,,,,,,,
AvgDialog_22132_Content_130,aidP,avgV1.5奥尔拉大型支线_AvgDialog_C_M.csv,721,AvgDialog,Content,,铛——铛——铛——,I'll miss it. But it should exist only in my memories.,,,,,,,,,,,
AvgDialog_22132_Content_134,aidT,avgV1.5奥尔拉大型支线_AvgDialog_C_M.csv,725,AvgDialog,Content,老年柯蕾特,我为两位尊贵的客人，准备了最佳的观礼位置。,"This book and I should have shared the same fate, reduced to ashes long ago... There wouldn't be such trouble now if it had.",,,,,,,,,,,
AvgDialog_22129_Content_2,aiap,avgV1.5奥尔拉大型支线_AvgDialog_C_M.csv,727,AvgDialog,Content,士兵,柯蕾特夫人！西岱的子民将永远效忠于您！,"A flash of silver light. The cage vanishes, and you and Horla fall to the ground.",,,,,,,,,,,
AvgDialog_22129_Content_4,aiaL,avgV1.5奥尔拉大型支线_AvgDialog_C_M.csv,729,AvgDialog,Content,市民,柯蕾特夫人！柯蕾特夫人，请看这边！！,"Ms. Colette! Ms. Colette, look over here!!",,,,,,,,,,,
AvgDialog_22129_Content_6,aiaU,avgV1.5奥尔拉大型支线_AvgDialog_C_M.csv,731,AvgDialog,Content,老年柯蕾特,多么振奋人心的画面啊……不是吗？,What an inspiring scene... wouldn't you say?,,,,,,,,,,,
AvgDialog_22129_Content_8,aiaW,avgV1.5奥尔拉大型支线_AvgDialog_C_M.csv,733,AvgDialog,Content,,在她身后，材质不明的黑色笼子将你和奥尔拉关了起来，吊在舞台后方。,"Behind her, a black cage of unknown material confines you and Horla, hanging backstage.",,,,,,,,,,,
AvgDialog_22129_Content_9,aiaX,avgV1.5奥尔拉大型支线_AvgDialog_C_M.csv,734,AvgDialog,Content,,在众人围观的目光中，奥尔拉蜷缩在羊皮纸下，身体止不住地颤抖着。,"Under the crowd's gaze, Horla finds herself curled up beneath the parchment, trembling uncontrollably.",,,,,,,,,,,
AvgDialog_22129_Content_15,aiak,avgV1.5奥尔拉大型支线_AvgDialog_C_M.csv,740,AvgDialog,Content,老年柯蕾特,我很想听听，到了这种时候，你会怎样劝说我呢？,The earth begins to tremble. You notice the dissolution visibly spreading from the poem's center.,,,,,,,,,,,
AvgDialog_22129_Content_16,aial,avgV1.5奥尔拉大型支线_AvgDialog_C_M.csv,741,AvgDialog,Content,无纸奥尔拉,我不是想劝你……我能理解你做的这些事。,"Ms. Colette! Ms. Colette, look over here!!",,,,,,,,,,,
AvgDialog_22129_Content_20,aiaq,avgV1.5奥尔拉大型支线_AvgDialog_C_M.csv,745,AvgDialog,Content,无纸奥尔拉,可融蚀扩散以后……这片花园，就会从所有人的记忆里被抹除掉……,"It may have been a mistake to bring me here as a spectator, Ms. Colette.",,,,,,,,,,,
AvgDialog_22129_Content_24,aiau,avgV1.5奥尔拉大型支线_AvgDialog_C_M.csv,749,AvgDialog,Content,老年柯蕾特,西岱有这么多的人，我连他们的性命都不在乎，你现在问我，在不在意一个花园？,What an inspiring scene... wouldn't you say?,,,,,,,,,,,
AvgDialog_22129_Content_26,aiaw,avgV1.5奥尔拉大型支线_AvgDialog_C_M.csv,751,AvgDialog,Content,老年柯蕾特,奥尔拉啊，你从小就很受欢迎。即使我才是那个靠自己的勤劳养活我们的人，但人们称赞的永远都是你……,"Behind her, a black cage of unknown material confines you and Horla, hanging backstage.",,,,,,,,,,,
AvgDialog_22129_Content_27,aiax,avgV1.5奥尔拉大型支线_AvgDialog_C_M.csv,752,AvgDialog,Content,老年柯蕾特,你有着出色的天赋，可那又如何呢？有些道理，你永远不明白。,"Under the crowd's gaze, Horla finds herself curled up beneath the parchment, trembling uncontrollably.",,,,,,,,,,,
AvgDialog_22129_Content_28,aiay,avgV1.5奥尔拉大型支线_AvgDialog_C_M.csv,753,AvgDialog,Content,老年柯蕾特,诗歌，情感，回忆，道德……这一切都是累赘。只有权力与名望，才是真正永恒的。,"Poetry, emotion, memories, morals... All just burdens. Only power and fame are truly eternal.",,,,,,,,,,,
AvgDialog_22129_Content_32,aiaD,avgV1.5奥尔拉大型支线_AvgDialog_C_M.csv,757,AvgDialog,Content,老年柯蕾特,在这个世界，诗歌没有意义。在另一个世界，也一样。,Is it due to mutual disdain among literature enthusiasts? Or have you turned into romantic rivals?!,,,,,,,,,,,
AvgDialog_22129_Content_39,aiaK,avgV1.5奥尔拉大型支线_AvgDialog_C_M.csv,764,AvgDialog,Content,,大地开始微微震动。你注意到，融蚀正以诗集为中心，用肉眼可见的速度扩大。,The earth begins to tremble. You notice the dissolution visibly spreading from the poem's center.,,,,,,,,,,,
AvgDialog_22129_Content_43,aiaP,avgV1.5奥尔拉大型支线_AvgDialog_C_M.csv,768,AvgDialog,Content,,银光一瞬即逝。牢笼消失不见，你和奥尔拉落在地上。,"A flash of silver light. The cage vanishes, and you and Horla fall to the ground.",,,,,,,,,,,
AvgDialog_22129_Content_44,aiaQ,avgV1.5奥尔拉大型支线_AvgDialog_C_M.csv,769,AvgDialog,Content,玩家,让我来这里当观众或许是个错误，柯蕾特夫人。,"It may have been a mistake to bring me here as a spectator, Ms. Colette.",,,,,,,,,,,
AvgDialog_22122_Content_7,ahUt,avgV1.5奥尔拉大型支线_AvgDialog_C_M.csv,778,AvgDialog,Content,无纸奥尔拉,守密人%sirormadam%，小心！,"{Male=Sir,Female=Madam} Keeper, be careful!",,,,,,,,,,,
AvgDialog_22126_Content_1,ahWq,avgV1.5奥尔拉大型支线_AvgDialog_C_M.csv,779,AvgDialog,Content,无纸奥尔拉,呼……呼……守密人%sirormadam%，怪物数量太多了，完全应付不过来……,"Huff... Huff... {Male=Sir,Female=Madam} Keeper, there are too many monsters to handle...",,,,,,,,,,,
AvgDialog_22126_Content_3,ahWA,avgV1.5奥尔拉大型支线_AvgDialog_C_M.csv,781,AvgDialog,Content,老年柯蕾特,你们来到西岱的时候，我就听到你们的对话了。,"The Caterpillar Train that requires a poem for a ticket, Madame Butterfly, only No. 99 March Street, the Painter, Daisy Stars...",,,,,,,,,,,
AvgDialog_22126_Content_6,ahWD,avgV1.5奥尔拉大型支线_AvgDialog_C_M.csv,784,AvgDialog,Content,玩家,机会来了。只有一次。,"{Male=Sir,Female=Madam} Keeper, this is not the real Cité.",,,,,,,,,,,
AvgDialog_22126_Content_7,ahWE,avgV1.5奥尔拉大型支线_AvgDialog_C_M.csv,785,AvgDialog,Content,无纸奥尔拉,啊？……什么……什么意思……,This is the <Yellow:Cité of my imagination>...,,,,,,,,,,,
AvgDialog_22111_Content_8,ahQK,avgV1.5奥尔拉大型支线_AvgDialog_C_M.csv,803,AvgDialog,Content,老年柯蕾特,想要在我的花园里击败我，很有勇气，也很愚蠢。,"To confront me in my garden, you must be both brave and foolish.",,,,,,,,,,,
AvgDialog_22111_Content_14,ahPq,avgV1.5奥尔拉大型支线_AvgDialog_C_M.csv,809,AvgDialog,Content,老年柯蕾特,你知道吗，奥尔拉。很多年前，我就是在这个地方，看着那场大火烧起来的。,"You know, Horla... Many years ago, I watched that great fire start right here.",,,,,,,,,,,
AvgDialog_22111_Content_29,ahPG,avgV1.5奥尔拉大型支线_AvgDialog_C_M.csv,824,AvgDialog,Content,无纸奥尔拉,你想杀了我，用诗集去换取自己想要的生活……不论你做什么，我从来都没有恨过你，柯蕾特。,"You want to kill me and use the poem to get the life you desire... No matter what you did, I've never hated you, Colette.",,,,,,,,,,,
AvgDialog_22111_Content_33,ahPL,avgV1.5奥尔拉大型支线_AvgDialog_C_M.csv,828,AvgDialog,Content,无纸奥尔拉,你说得对……我除了作诗，什么也不会……,"But while they weren't paying attention, I secretly kept a flower...",,,,,,,,,,,
AvgDialog_22111_Content_35,ahPN,avgV1.5奥尔拉大型支线_AvgDialog_C_M.csv,830,AvgDialog,Content,无纸奥尔拉,这些玫瑰，是你曾经送我的。今天，我把它们还给你。,"A fine poem, Horla... In the future, I'll trade my flowers for your poems!",,,,,,,,,,,
AvgDialog_22111_Content_38,ahPQ,avgV1.5奥尔拉大型支线_AvgDialog_C_M.csv,833,AvgDialog,Content,玩家,奥尔拉！！！,"You know, Horla... Many years ago, I watched that great fire start right here.",,,,,,,,,,,
AvgDialog_22111_Content_53,ahQh,avgV1.5奥尔拉大型支线_AvgDialog_C_M.csv,848,AvgDialog,Content,,玫瑰的尖刺贯穿了无数颗心脏。鲜红的花朵，在每个人心中盛开。,Rose spikes pierce countless hearts. Crimson flowers blossom within every one.,,,,,,,,,,,
AvgDialog_22111_Content_56,ahQk,avgV1.5奥尔拉大型支线_AvgDialog_C_M.csv,851,AvgDialog,Content,奥尔拉,你曾经救下过我的命。这首用生命写的诗，送给你，送给花园。,"To confront me in my garden, you must be both brave and foolish.",,,,,,,,,,,
AvgDialog_22111_Content_77,ahQH,avgV1.5奥尔拉大型支线_AvgDialog_C_M.csv,872,AvgDialog,Content,老年柯蕾特,这是狗的名字，但我从来没有换过。我要提醒自己，不能再输了。,Rose spikes pierce countless hearts. Crimson flowers blossom within every one.,,,,,,,,,,,
AvgDialog_22111_Content_98,ahRe,avgV1.5奥尔拉大型支线_AvgDialog_C_M.csv,893,AvgDialog,Content,柯蕾特正位,不是你的问题，奥尔拉，谁的诗我都看不懂。,"It's not you, Horla. I don't really understand anyone's poetry.",,,,,,,,,,,
AvgDialog_22111_Content_100,ahOU,avgV1.5奥尔拉大型支线_AvgDialog_C_M.csv,895,AvgDialog,Content,柯蕾特正位,我不太明白，一个人们都看不懂的东西，到底有什么意义呢……,I don't get it... What's the point of something that no one can comprehend?,,,,,,,,,,,
AvgDialog_22111_Content_101,ahOV,avgV1.5奥尔拉大型支线_AvgDialog_C_M.csv,896,AvgDialog,Content,生前奥尔拉,嗯……我觉得，诗歌并不是一种文字或者画面，它像是一把钥匙。,Hmm... I think poetry isn't just words or images; it's like a key.,,,,,,,,,,,
AvgDialog_22111_Content_102,ahOW,avgV1.5奥尔拉大型支线_AvgDialog_C_M.csv,897,AvgDialog,Content,柯蕾特正位,钥匙？,A... key?,,,,,,,,,,,
AvgDialog_22111_Content_111,ahPg,avgV1.5奥尔拉大型支线_AvgDialog_C_M.csv,906,AvgDialog,Content,柯蕾特正位,我会用别针把它们整理到一起，等以后有钱了，就把它们印成一本漂亮的诗集！,"You want to kill me and use the poem to get the life you desire... No matter what you did, I've never hated you, Colette.",,,,,,,,,,,
AvgDialog_22111_Content_116,ahPl,avgV1.5奥尔拉大型支线_AvgDialog_C_M.csv,911,AvgDialog,Content,柯蕾特正位,不过我趁他们不注意，悄悄留下了一朵……,"But while they weren't paying attention, I secretly kept a flower...",,,,,,,,,,,
AvgDialog_22111_Content_118,ahPn,avgV1.5奥尔拉大型支线_AvgDialog_C_M.csv,913,AvgDialog,Content,柯蕾特正位,一首好诗，奥尔拉……以后，我就用我的花，来换你的诗吧！,"A fine poem, Horla... In the future, I'll trade my flowers for your poems!",,,,,,,,,,,
AvgDialog_22128_Content_1,ahZi,avgV1.5奥尔拉大型支线_AvgDialog_C_M.csv,914,AvgDialog,Content,,余香,Horla lets out a deep sigh. You approach her.,,,,,,,,,,,
AvgDialog_22128_Content_4,ahZP,avgV1.5奥尔拉大型支线_AvgDialog_C_M.csv,917,AvgDialog,Content,汉娜,我也很高兴见到你！,Well I'm glad to see you too!,,,,,,,,,,,
AvgDialog_22128_Content_9,aiad,avgV1.5奥尔拉大型支线_AvgDialog_C_M.csv,922,AvgDialog,Content,汉娜,是因为文学爱好者之间的互相轻贱吗？还是因为成为了情敌？！,Is it due to mutual disdain among literature enthusiasts? Or have you turned into romantic rivals?!,,,,,,,,,,,
AvgDialog_22128_Content_10,ahZj,avgV1.5奥尔拉大型支线_AvgDialog_C_M.csv,923,AvgDialog,Content,宁菲亚,……我还有点事，请允许我先告辞……,"You know, even if Hannah publishes that poem, few people would actually care.",,,,,,,,,,,
AvgDialog_22128_Content_11,ahZk,avgV1.5奥尔拉大型支线_AvgDialog_C_M.csv,924,AvgDialog,Content,汉娜,喂喂喂！宁菲亚小姐！,What people really care about is the stories and topics surrounding that collection of poems.,,,,,,,,,,,
AvgDialog_22128_Content_12,ahZl,avgV1.5奥尔拉大型支线_AvgDialog_C_M.csv,925,AvgDialog,Content,玩家,汉娜。,"Hmm, I know, {Male=Sir,Female=Madam} Keeper.",,,,,,,,,,,
AvgDialog_22128_Content_14,ahZn,avgV1.5奥尔拉大型支线_AvgDialog_C_M.csv,927,AvgDialog,Content,玩家,奥尔拉让我来找你。,And you don't mind that?,,,,,,,,,,,
AvgDialog_22128_Content_16,ahZp,avgV1.5奥尔拉大型支线_AvgDialog_C_M.csv,929,AvgDialog,Content,,汉娜紧急刹住了脚。,Well I'm glad to see you too!,,,,,,,,,,,
AvgDialog_22128_Content_18,ahZr,avgV1.5奥尔拉大型支线_AvgDialog_C_M.csv,931,AvgDialog,Content,汉娜,《玫瑰的栖居》，奥尔拉·柯蕾特……,She plucked a petal from a rose above her eye and brought it to her nose.,,,,,,,,,,,
AvgDialog_22128_Content_20,ahZu,avgV1.5奥尔拉大型支线_AvgDialog_C_M.csv,933,AvgDialog,Content,玩家,她让我转达，如果你觉得不错的话，请你帮她发表在……,"She asked me to pass on the message that, if you think it's good, to please help her publish it in—",,,,,,,,,,,
AvgDialog_22128_Content_21,ahZv,avgV1.5奥尔拉大型支线_AvgDialog_C_M.csv,934,AvgDialog,Content,汉娜,没问题没问题！诗好不好不重要，有话题度就够了！,"{Male=Sir,Female=Madam} Keeper, do you believe that too?",,,,,,,,,,,
AvgDialog_22128_Content_23,ahZx,avgV1.5奥尔拉大型支线_AvgDialog_C_M.csv,936,AvgDialog,Content,汉娜,你就悄悄带我过去见一见……,"Just quietly take me to see her, and...",,,,,,,,,,,
AvgDialog_22128_Content_24,ahZy,avgV1.5奥尔拉大型支线_AvgDialog_C_M.csv,937,AvgDialog,Content,玩家,再贪心的话，小心连诗集都没的发表了。,"Be too greedy, and you might not even get that poem published.",,,,,,,,,,,
AvgDialog_22128_Content_26,ahZA,avgV1.5奥尔拉大型支线_AvgDialog_C_M.csv,939,AvgDialog,Content,玩家,诗集交给汉娜了。,"There are trams, but we didn't see the stop, so we're not sure if they go where we want to go.",,,,,,,,,,,
AvgDialog_22128_Content_27,ahZB,avgV1.5奥尔拉大型支线_AvgDialog_C_M.csv,940,AvgDialog,Content,无纸奥尔拉,您之前和我说，诗集带来的并不是不幸，我怎么都不相信。,"Have I told you? From the fence of the old garden, you could see the tram passing by, but I've never actually rode one.",,,,,,,,,,,
AvgDialog_22128_Content_28,ahZC,avgV1.5奥尔拉大型支线_AvgDialog_C_M.csv,941,AvgDialog,Content,无纸奥尔拉,这次以后，我才真正明白过来。,"I believe I recall it can go anywhere. Regardless, I still would like to board it, at least just once.",,,,,,,,,,,
AvgDialog_22128_Content_29,ahZD,avgV1.5奥尔拉大型支线_AvgDialog_C_M.csv,942,AvgDialog,Content,无纸奥尔拉,谢谢您，守密人%sirormadam%！,"Thank you, {Male=Sir,Female=Madam} Keeper!",,,,,,,,,,,
AvgDialog_22128_Content_31,ahZG,avgV1.5奥尔拉大型支线_AvgDialog_C_M.csv,944,AvgDialog,Content,无纸奥尔拉,啊……不要不要……我还是不太敢和别人说话……不过我会慢慢调整的！,"On the winding tracks, a giant caterpillar stops in front of you.",,,,,,,,,,,
AvgDialog_22128_Content_32,ahZH,avgV1.5奥尔拉大型支线_AvgDialog_C_M.csv,945,AvgDialog,Content,玩家,开个玩笑。我已经帮你回绝她了。,Ah! Just as I remember! It's the Caterpillar Train!,,,,,,,,,,,
AvgDialog_22128_Content_33,ahZI,avgV1.5奥尔拉大型支线_AvgDialog_C_M.csv,946,AvgDialog,Content,,奥尔拉长舒一口气。你走到她身旁。,Horla lets out a deep sigh. You approach her.,,,,,,,,,,,
AvgDialog_22128_Content_34,ahZJ,avgV1.5奥尔拉大型支线_AvgDialog_C_M.csv,947,AvgDialog,Content,玩家,你知道，汉娜就算把诗集发表出来，也没多少人真正会在意的。,"You know, even if Hannah publishes that poem, few people would actually care.",,,,,,,,,,,
AvgDialog_22128_Content_35,ahZK,avgV1.5奥尔拉大型支线_AvgDialog_C_M.csv,948,AvgDialog,Content,玩家,大家在意的，其实也只是围绕那本诗集的故事和话题。,What people really care about is the stories and topics surrounding that collection of poems.,,,,,,,,,,,
AvgDialog_22128_Content_36,ahZL,avgV1.5奥尔拉大型支线_AvgDialog_C_M.csv,949,AvgDialog,Content,无纸奥尔拉,嗯，我知道的，守密人%sirormadam%。,"Hmm, I know, {Male=Sir,Female=Madam} Keeper.",,,,,,,,,,,
AvgDialog_22128_Content_38,ahZN,avgV1.5奥尔拉大型支线_AvgDialog_C_M.csv,951,AvgDialog,Content,玩家,不介意？,And you don't mind that?,,,,,,,,,,,
AvgDialog_22128_Content_41,ahZR,avgV1.5奥尔拉大型支线_AvgDialog_C_M.csv,954,AvgDialog,Content,,她从眼睛上那朵玫瑰上，摘下了一片花瓣，凑到鼻尖上。,She plucked a petal from a rose above her eye and brought it to her nose.,,,,,,,,,,,
AvgDialog_22128_Content_44,ahZU,avgV1.5奥尔拉大型支线_AvgDialog_C_M.csv,957,AvgDialog,Content,,她转过头来，对着你笑了笑。,"She asked me to pass on the message that, if you think it's good, to please help her publish it in—",,,,,,,,,,,
AvgDialog_22128_Content_45,ahZV,avgV1.5奥尔拉大型支线_AvgDialog_C_M.csv,958,AvgDialog,Content,无纸奥尔拉,守密人%sirormadam%，您相信吗？,"{Male=Sir,Female=Madam} Keeper, do you believe that too?",,,,,,,,,,,
AvgDialog_22128_Content_47,ahZX,avgV1.5奥尔拉大型支线_AvgDialog_C_M.csv,960,AvgDialog,Content,,她扬起手。鲜红的花瓣离开她的手掌，悠扬飘远。,"Just quietly take me to see her, and...",,,,,,,,,,,
AvgDialog_22128_Content_48,ahZY,avgV1.5奥尔拉大型支线_AvgDialog_C_M.csv,961,AvgDialog,Content,,风中带着玫瑰的香味，像从数十年前的西岱吹来。,"Be too greedy, and you might not even get that poem published.",,,,,,,,,,,
